Timestamp,Language,Category,Tram_ID,Station_Name,Latitude,Longitude,Complaint_Text
2026-01-01 06:17:28,French,Spam,Tram45,Gare Casa Port,33.5992,-7.6125,Choix direct de la catégorie
2026-01-01 06:35:37,English,Comportement du personnel,Tram02,Abdelmoumen,33.5731,-7.6184,Choix direct de la catégorie
2026-01-01 07:43:55,French,Informations insuffisantes,Tram03,Abdelmoumen,33.5731,-7.6184,Choix direct de la catégorie
2026-01-01 08:08:32,French,Equipements,Tram05,Technopark,33.535,-7.6322,Choix direct de la catégorie
2026-01-01 08:30:08,French,Comportement du personnel,Tram35,Abdelmoumen,33.5731,-7.6184,Choix direct de la catégorie
2026-01-01 09:25:54,French,Equipements,Tram05,Nations Unies,33.5956,-7.6186,Choix direct de la catégorie
2026-01-01 09:29:57,French,Informations insuffisantes,Tram45,Nations Unies,33.5956,-7.6186,Choix direct de la catégorie
2026-01-01 13:13:18,Arabic,Sécurité et sûreté,Tram20,Abdelmoumen,33.5731,-7.6184,Choix direct de la catégorie
2026-01-01 17:15:43,French,Tarification,Tram04,Casa Voyageurs,33.5898,-7.5898,Choix direct de la catégorie
2026-01-01 17:23:52,French,Comportement indésirable,Tram02,Technopark,33.535,-7.6322,Choix direct de la catégorie
2026-01-01 18:16:46,French,Sécurité et sûreté,Tram21,Nations Unies,33.5956,-7.6186,Choix direct de la catégorie
2026-01-01 18:53:06,French,Informations insuffisantes,Tram40,Casa Voyageurs,33.5898,-7.5898,Choix direct de la catégorie
2026-01-01 19:14:24,French,Equipements,Tram35,Casa Voyageurs,33.5898,-7.5898,Choix direct de la catégorie
2026-01-01 19:15:15,French,Comportement du personnel,Tram25,Gare Casa Port,33.5992,-7.6125,Choix direct de la catégorie
2026-01-01 19:17:57,French,Spam,Tram07,Abdelmoumen,33.5731,-7.6184,Choix direct de la catégorie
2026-01-01 20:10:30,French,Comportement du personnel,Tram39,Abdelmoumen,33.5731,-7.6184,Choix direct de la catégorie
2026-01-02 06:04:58,French,Ponctualité et régularité,Tram14,Casa Voyageurs,33.5898,-7.5898,Choix direct de la catégorie
2026-01-02 06:40:04,English,Sécurité et sûreté,Tram33,Nations Unies,33.5956,-7.6186,Choix direct de la catégorie
2026-01-02 07:50:10,Arabic,Tarification,Tram19,Technopark,33.535,-7.6322,Choix direct de la catégorie
2026-01-02 08:19:50,French,Informations insuffisantes,Tram25,Technopark,33.535,-7.6322,Choix direct de la catégorie
2026-01-02 08:30:06,Arabic,Comportement du personnel,Tram38,Casa Voyageurs,33.5898,-7.5898,Choix direct de la catégorie
2026-01-02 09:10:12,Arabic,Spam,Tram31,Abdelmoumen,33.5731,-7.6184,Choix direct de la catégorie
2026-01-02 09:11:57,Arabic,Equipements,Tram16,Technopark,33.535,-7.6322,Choix direct de la catégorie
2026-01-02 09:17:59,French,Equipements,Tram26,Technopark,33.535,-7.6322,Choix direct de la catégorie
2026-01-02 09:29:20,Arabic,Comportement indésirable,Tram28,Gare Casa Port,33.5992,-7.6125,Choix direct de la catégorie
2026-01-02 17:13:03,French,Informations insuffisantes,Tram08,Abdelmoumen,33.5731,-7.6184,Choix direct de la catégorie
2026-01-02 17:38:49,French,Sécurité et sûreté,Tram02,Casa Voyageurs,33.5898,-7.5898,Choix direct de la catégorie
2026-01-02 17:46:54,Arabic,Comportement indésirable,Tram25,Casa Voyageurs,33.5898,-7.5898,Choix direct de la catégorie
2026-01-02 18:13:11,Arabic,Tarification,Tram31,Abdelmoumen,33.5731,-7.6184,Choix direct de la catégorie
2026-01-02 19:21:46,Arabic,Informations voyageur,Tram14,Abdelmoumen,33.5731,-7.6184,Choix direct de la catégorie
2026-01-02 19:29:10,French,Tarification,Tram22,Casa Voyageurs,33.5898,-7.5898,Choix direct de la catégorie
2026-01-02 20:57:55,French,Comportement du personnel,Tram02,Nations Unies,33.5956,-7.6186,Choix direct de la catégorie
2026-01-02 22:23:09,French,Comportement indésirable,Tram06,Technopark,33.535,-7.6322,Choix direct de la catégorie
2026-01-02 22:37:42,French,Comportement du personnel,Tram43,Casa Voyageurs,33.5898,-7.5898,Choix direct de la catégorie
2026-01-02 23:21:42,French,Spam,Tram29,Abdelmoumen,33.5731,-7.6184,Choix direct de la catégorie
2026-01-03 06:57:52,Arabic,Equipements,Tram17,Casa Voyageurs,33.5898,-7.5898,Choix direct de la catégorie
2026-01-03 07:27:15,French,Ponctualité et régularité,Tram34,Abdelmoumen,33.5731,-7.6184,Choix direct de la catégorie
2026-01-03 08:21:55,Arabic,Sécurité et sûreté,Tram37,Abdelmoumen,33.5731,-7.6184,Choix direct de la catégorie
2026-01-03 08:26:27,Arabic,Tarification,Tram02,Casa Voyageurs,33.5898,-7.5898,Choix direct de la catégorie
2026-01-03 09:00:57,Arabic,Comportement du personnel,Tram31,Abdelmoumen,33.5731,-7.6184,Choix direct de la catégorie
2026-01-03 09:27:45,Arabic,Comportement indésirable,Tram23,Casa Voyageurs,33.5898,-7.5898,Choix direct de la catégorie
2026-01-03 09:59:11,French,Ponctualité et régularité,Tram17,Gare Casa Port,33.5992,-7.6125,Choix direct de la catégorie
2026-01-03 12:11:45,Arabic,Informations insuffisantes,Tram25,Technopark,33.535,-7.6322,Choix direct de la catégorie
2026-01-03 14:08:53,French,Sécurité et sûreté,Tram26,Casa Voyageurs,33.5898,-7.5898,Choix direct de la catégorie
2026-01-03 17:09:03,Arabic,Comportement indésirable,Tram36,Casa Voyageurs,33.5898,-7.5898,Choix direct de la catégorie
2026-01-03 17:25:59,Arabic,Comportement indésirable,Tram37,Nations Unies,33.5956,-7.6186,Choix direct de la catégorie
2026-01-03 18:11:02,French,Ponctualité et régularité,Tram27,Abdelmoumen,33.5731,-7.6184,Choix direct de la catégorie
2026-01-03 19:47:01,Arabic,Equipements,Tram08,Nations Unies,33.5956,-7.6186,Choix direct de la catégorie
2026-01-03 20:16:40,French,Comportement indésirable,Tram03,Abdelmoumen,33.5731,-7.6184,Choix direct de la catégorie
2026-01-03 20:20:36,French,Comportement indésirable,Tram25,Casa Voyageurs,33.5898,-7.5898,Choix direct de la catégorie
2026-01-03 20:33:42,Arabic,Informations voyageur,Tram33,Casa Voyageurs,33.5898,-7.5898,Choix direct de la catégorie
2026-01-03 20:55:48,French,Informations voyageur,Tram27,Nations Unies,33.5956,-7.6186,Choix direct de la catégorie
2026-01-03 21:05:59,Arabic,Informations insuffisantes,Tram25,Casa Voyageurs,33.5898,-7.5898,Choix direct de la catégorie
2026-01-03 21:54:03,French,Tarification,Tram13,Technopark,33.535,-7.6322,Choix direct de la catégorie
2026-01-04 06:39:52,French,Sécurité et sûreté,Tram03,Technopark,33.535,-7.6322,Choix direct de la catégorie
2026-01-04 07:06:54,French,Informations voyageur,Tram15,Gare Casa Port,33.5992,-7.6125,Choix direct de la catégorie
2026-01-04 08:20:41,French,Spam,Tram16,Abdelmoumen,33.5731,-7.6184,Choix direct de la catégorie
2026-01-04 11:25:15,Arabic,Sécurité et sûreté,Tram21,Nations Unies,33.5956,-7.6186,Choix direct de la catégorie
2026-01-04 14:32:19,French,Informations insuffisantes,Tram30,Abdelmoumen,33.5731,-7.6184,Choix direct de la catégorie
2026-01-04 15:16:16,French,Equipements,Tram41,Abdelmoumen,33.5731,-7.6184,Choix direct de la catégorie
2026-01-04 16:43:22,Arabic,Ponctualité et régularité,Tram38,Abdelmoumen,33.5731,-7.6184,Choix direct de la catégorie
2026-01-04 17:12:34,Arabic,Comportement du personnel,Tram19,Abdelmoumen,33.5731,-7.6184,Choix direct de la catégorie
2026-01-04 17:24:07,French,Equipements,Tram29,Abdelmoumen,33.5731,-7.6184,Choix direct de la catégorie
2026-01-04 17:42:45,French,Comportement indésirable,Tram32,Casa Voyageurs,33.5898,-7.5898,Choix direct de la catégorie
2026-01-04 18:17:17,French,Comportement du personnel,Tram24,Casa Voyageurs,33.5898,-7.5898,Choix direct de la catégorie
2026-01-04 18:18:37,French,Ponctualité et régularité,Tram07,Technopark,33.535,-7.6322,Choix direct de la catégorie
2026-01-04 18:53:12,Arabic,Spam,Tram03,Abdelmoumen,33.5731,-7.6184,Choix direct de la catégorie
2026-01-04 19:02:32,Arabic,Informations voyageur,Tram23,Abdelmoumen,33.5731,-7.6184,Choix direct de la catégorie
2026-01-04 19:13:19,French,Informations insuffisantes,Tram26,Nations Unies,33.5956,-7.6186,Choix direct de la catégorie
2026-01-05 06:23:59,French,Informations insuffisantes,Tram23,Nations Unies,33.5956,-7.6186,Choix direct de la catégorie
2026-01-05 08:15:13,English,Informations voyageur,Tram17,Gare Casa Port,33.5992,-7.6125,Choix direct de la catégorie
2026-01-05 08:38:47,English,Spam,Tram31,Technopark,33.535,-7.6322,Choix direct de la catégorie
2026-01-05 09:30:00,French,Spam,Tram25,Casa Voyageurs,33.5898,-7.5898,Choix direct de la catégorie
2026-01-05 16:52:19,French,Equipements,Tram09,Technopark,33.535,-7.6322,Choix direct de la catégorie
2026-01-05 17:09:53,French,Equipements,Tram08,Casa Voyageurs,33.5898,-7.5898,Choix direct de la catégorie
2026-01-05 17:18:03,French,Equipements,Tram17,Abdelmoumen,33.5731,-7.6184,Choix direct de la catégorie
2026-01-05 17:19:33,French,Ponctualité et régularité,Tram06,Nations Unies,33.5956,-7.6186,Choix direct de la catégorie
2026-01-05 17:22:34,French,Ponctualité et régularité,Tram41,Casa Voyageurs,33.5898,-7.5898,Choix direct de la catégorie
2026-01-05 17:53:27,French,Sécurité et sûreté,Tram13,Technopark,33.535,-7.6322,Choix direct de la catégorie
2026-01-05 18:17:42,Arabic,Ponctualité et régularité,Tram12,Nations Unies,33.5956,-7.6186,Choix direct de la catégorie
2026-01-05 18:50:44,Arabic,Sécurité et sûreté,Tram24,Casa Voyageurs,33.5898,-7.5898,Choix direct de la catégorie
2026-01-05 18:59:17,French,Spam,Tram16,Nations Unies,33.5956,-7.6186,Choix direct de la catégorie
2026-01-05 19:12:41,Arabic,Informations insuffisantes,Tram36,Casa Voyageurs,33.5898,-7.5898,Choix direct de la catégorie
2026-01-05 21:25:19,Arabic,Informations insuffisantes,Tram23,Nations Unies,33.5956,-7.6186,Choix direct de la catégorie
2026-01-05 22:22:57,Arabic,Tarification,Tram40,Abdelmoumen,33.5731,-7.6184,Choix direct de la catégorie
2026-01-05 23:17:36,French,Comportement indésirable,Tram25,Abdelmoumen,33.5731,-7.6184,Choix direct de la catégorie
2026-01-06 06:08:35,Arabic,Comportement du personnel,Tram26,Casa Voyageurs,33.5898,-7.5898,Choix direct de la catégorie
2026-01-06 07:13:02,French,Spam,Tram38,Technopark,33.535,-7.6322,Choix direct de la catégorie
2026-01-06 07:42:20,French,Comportement du personnel,Tram32,Gare Casa Port,33.5992,-7.6125,Choix direct de la catégorie
2026-01-06 07:47:23,French,Informations voyageur,Tram29,Casa Voyageurs,33.5898,-7.5898,Choix direct de la catégorie
2026-01-06 08:03:28,Arabic,Informations voyageur,Tram15,Technopark,33.535,-7.6322,Choix direct de la catégorie
2026-01-06 08:47:08,French,Comportement indésirable,Tram01,Gare Casa Port,33.5992,-7.6125,Choix direct de la catégorie
2026-01-06 09:00:57,French,Spam,Tram41,Abdelmoumen,33.5731,-7.6184,Choix direct de la catégorie
2026-01-06 09:06:33,French,Spam,Tram34,Technopark,33.535,-7.6322,Choix direct de la catégorie
2026-01-06 09:14:34,Arabic,Spam,Tram28,Casa Voyageurs,33.5898,-7.5898,Choix direct de la catégorie
2026-01-06 09:14:56,French,Ponctualité et régularité,Tram19,Abdelmoumen,33.5731,-7.6184,Choix direct de la catégorie
2026-01-06 11:14:23,Arabic,Spam,Tram17,Abdelmoumen,33.5731,-7.6184,Choix direct de la catégorie
2026-01-06 12:58:34,French,Equipements,Tram05,Casa Voyageurs,33.5898,-7.5898,Choix direct de la catégorie
2026-01-06 17:06:30,French,Informations voyageur,Tram20,Casa Voyageurs,33.5898,-7.5898,Choix direct de la catégorie
2026-01-06 17:25:49,Arabic,Ponctualité et régularité,Tram30,Casa Voyageurs,33.5898,-7.5898,Choix direct de la catégorie
2026-01-06 18:06:47,Arabic,Spam,Tram42,Abdelmoumen,33.5731,-7.6184,Choix direct de la catégorie
2026-01-06 18:27:11,French,Comportement indésirable,Tram06,Technopark,33.535,-7.6322,Choix direct de la catégorie
2026-01-06 18:27:21,French,Comportement indésirable,Tram35,Casa Voyageurs,33.5898,-7.5898,Choix direct de la catégorie
2026-01-06 18:33:11,Arabic,Informations voyageur,Tram02,Technopark,33.535,-7.6322,Choix direct de la catégorie
2026-01-06 18:46:31,Arabic,Spam,Tram24,Nations Unies,33.5956,-7.6186,Choix direct de la catégorie
2026-01-06 18:58:27,Arabic,Spam,Tram21,Nations Unies,33.5956,-7.6186,Choix direct de la catégorie
2026-01-06 19:10:14,French,Comportement indésirable,Tram28,Abdelmoumen,33.5731,-7.6184,Choix direct de la catégorie
2026-01-06 19:23:40,French,Tarification,Tram08,Gare Casa Port,33.5992,-7.6125,Choix direct de la catégorie
2026-01-06 19:28:16,French,Informations insuffisantes,Tram30,Casa Voyageurs,33.5898,-7.5898,Choix direct de la catégorie
2026-01-06 21:26:05,French,Ponctualité et régularité,Tram43,Abdelmoumen,33.5731,-7.6184,Choix direct de la catégorie
2026-01-07 06:19:40,Arabic,Tarification,Tram36,Casa Voyageurs,33.5898,-7.5898,Choix direct de la catégorie
2026-01-07 08:35:48,French,Informations insuffisantes,Tram10,Nations Unies,33.5956,-7.6186,Choix direct de la catégorie
2026-01-07 08:48:24,Arabic,Comportement du personnel,Tram18,Abdelmoumen,33.5731,-7.6184,Choix direct de la catégorie
2026-01-07 08:55:22,French,Tarification,Tram20,Technopark,33.535,-7.6322,Choix direct de la catégorie
2026-01-07 08:58:38,Arabic,Equipements,Tram38,Casa Voyageurs,33.5898,-7.5898,Choix direct de la catégorie
2026-01-07 08:59:40,French,Informations voyageur,Tram10,Casa Voyageurs,33.5898,-7.5898,Choix direct de la catégorie
2026-01-07 09:02:32,French,Comportement indésirable,Tram34,Casa Voyageurs,33.5898,-7.5898,Choix direct de la catégorie
2026-01-07 09:13:04,French,Comportement du personnel,Tram04,Technopark,33.535,-7.6322,Choix direct de la catégorie
2026-01-07 11:15:25,French,Tarification,Tram45,Casa Voyageurs,33.5898,-7.5898,Choix direct de la catégorie
2026-01-07 12:56:03,French,Informations insuffisantes,Tram22,Nations Unies,33.5956,-7.6186,Choix direct de la catégorie
2026-01-07 17:04:08,French,Tarification,Tram20,Technopark,33.535,-7.6322,Choix direct de la catégorie
2026-01-07 17:52:19,French,Sécurité et sûreté,Tram19,Technopark,33.535,-7.6322,Choix direct de la catégorie
2026-01-07 18:08:52,Arabic,Ponctualité et régularité,Tram38,Abdelmoumen,33.5731,-7.6184,Choix direct de la catégorie
2026-01-07 19:16:35,French,Equipements,Tram08,Nations Unies,33.5956,-7.6186,Choix direct de la catégorie
2026-01-08 06:03:30,French,Spam,Tram17,Abdelmoumen,33.5731,-7.6184,Choix direct de la catégorie
2026-01-08 06:36:29,Arabic,Comportement indésirable,Tram35,Casa Voyageurs,33.5898,-7.5898,Choix direct de la catégorie
2026-01-08 08:11:32,Arabic,Informations voyageur,Tram04,Abdelmoumen,33.5731,-7.6184,Choix direct de la catégorie
2026-01-08 13:27:34,English,Comportement du personnel,Tram25,Casa Voyageurs,33.5898,-7.5898,Choix direct de la catégorie
2026-01-08 17:05:51,French,Sécurité et sûreté,Tram14,Abdelmoumen,33.5731,-7.6184,Choix direct de la catégorie
2026-01-08 17:11:16,French,Comportement du personnel,Tram05,Technopark,33.535,-7.6322,Choix direct de la catégorie
2026-01-08 17:50:22,Arabic,Comportement du personnel,Tram09,Abdelmoumen,33.5731,-7.6184,Choix direct de la catégorie
2026-01-08 18:23:14,Arabic,Ponctualité et régularité,Tram33,Casa Voyageurs,33.5898,-7.5898,Choix direct de la catégorie
2026-01-08 18:24:05,Arabic,Ponctualité et régularité,Tram33,Abdelmoumen,33.5731,-7.6184,Choix direct de la catégorie
2026-01-08 18:28:52,French,Tarification,Tram32,Casa Voyageurs,33.5898,-7.5898,Choix direct de la catégorie
2026-01-08 18:47:46,French,Sécurité et sûreté,Tram22,Casa Voyageurs,33.5898,-7.5898,Choix direct de la catégorie
2026-01-08 19:16:10,French,Informations insuffisantes,Tram22,Casa Voyageurs,33.5898,-7.5898,Choix direct de la catégorie
2026-01-09 07:22:07,French,Informations insuffisantes,Tram15,Casa Voyageurs,33.5898,-7.5898,Choix direct de la catégorie
2026-01-09 08:03:36,Arabic,Comportement indésirable,Tram42,Abdelmoumen,33.5731,-7.6184,Choix direct de la catégorie
2026-01-09 08:09:24,French,Comportement indésirable,Tram20,Nations Unies,33.5956,-7.6186,Choix direct de la catégorie
2026-01-09 09:02:34,French,Spam,Tram34,Casa Voyageurs,33.5898,-7.5898,Choix direct de la catégorie
2026-01-09 09:06:34,Arabic,Comportement du personnel,Tram20,Casa Voyageurs,33.5898,-7.5898,Choix direct de la catégorie
2026-01-09 09:20:40,Arabic,Comportement indésirable,Tram36,Gare Casa Port,33.5992,-7.6125,Choix direct de la catégorie
2026-01-09 09:55:48,English,Comportement indésirable,Tram25,Abdelmoumen,33.5731,-7.6184,Choix direct de la catégorie
2026-01-09 12:43:41,French,Spam,Tram13,Technopark,33.535,-7.6322,Choix direct de la catégorie
2026-01-09 12:57:11,French,Spam,Tram04,Abdelmoumen,33.5731,-7.6184,Choix direct de la catégorie
2026-01-09 16:05:24,French,Ponctualité et régularité,Tram12,Technopark,33.535,-7.6322,Choix direct de la catégorie
2026-01-09 16:41:02,French,Comportement indésirable,Tram17,Abdelmoumen,33.5731,-7.6184,Choix direct de la catégorie
2026-01-09 17:04:03,Arabic,Comportement indésirable,Tram23,Technopark,33.535,-7.6322,Choix direct de la catégorie
2026-01-09 17:06:58,French,Comportement indésirable,Tram21,Nations Unies,33.5956,-7.6186,Choix direct de la catégorie
2026-01-09 17:30:28,French,Ponctualité et régularité,Tram18,Technopark,33.535,-7.6322,Choix direct de la catégorie
2026-01-09 17:31:07,Arabic,Spam,Tram31,Casa Voyageurs,33.5898,-7.5898,Choix direct de la catégorie
2026-01-09 18:19:45,French,Sécurité et sûreté,Tram10,Casa Voyageurs,33.5898,-7.5898,Choix direct de la catégorie
2026-01-09 18:56:53,English,Informations insuffisantes,Tram44,Nations Unies,33.5956,-7.6186,Choix direct de la catégorie
2026-01-09 18:57:36,French,Spam,Tram02,Casa Voyageurs,33.5898,-7.5898,Choix direct de la catégorie
2026-01-10 06:54:46,French,Ponctualité et régularité,Tram12,Abdelmoumen,33.5731,-7.6184,Choix direct de la catégorie
2026-01-10 07:47:49,French,Comportement du personnel,Tram33,Nations Unies,33.5956,-7.6186,Choix direct de la catégorie
2026-01-10 08:33:21,French,Informations insuffisantes,Tram16,Casa Voyageurs,33.5898,-7.5898,Choix direct de la catégorie
2026-01-10 08:41:18,French,Comportement indésirable,Tram22,Casa Voyageurs,33.5898,-7.5898,Choix direct de la catégorie
2026-01-10 08:53:43,Arabic,Sécurité et sûreté,Tram22,Abdelmoumen,33.5731,-7.6184,Choix direct de la catégorie
2026-01-10 11:55:49,Arabic,Equipements,Tram07,Abdelmoumen,33.5731,-7.6184,Choix direct de la catégorie
2026-01-10 17:24:36,French,Ponctualité et régularité,Tram41,Technopark,33.535,-7.6322,Choix direct de la catégorie
2026-01-10 17:35:36,French,Tarification,Tram30,Gare Casa Port,33.5992,-7.6125,Choix direct de la catégorie
2026-01-10 21:00:34,English,Informations voyageur,Tram33,Technopark,33.535,-7.6322,Choix direct de la catégorie
2026-01-11 06:14:12,French,Equipements,Tram34,Casa Voyageurs,33.5898,-7.5898,Choix direct de la catégorie
2026-01-11 06:27:39,French,Comportement indésirable,Tram43,Abdelmoumen,33.5731,-7.6184,Choix direct de la catégorie
2026-01-11 06:32:28,French,Tarification,Tram20,Gare Casa Port,33.5992,-7.6125,Choix direct de la catégorie
2026-01-11 06:50:13,French,Comportement indésirable,Tram26,Casa Voyageurs,33.5898,-7.5898,Choix direct de la catégorie
2026-01-11 07:27:19,Arabic,Sécurité et sûreté,Tram13,Abdelmoumen,33.5731,-7.6184,Choix direct de la catégorie
2026-01-11 07:41:22,French,Informations voyageur,Tram10,Casa Voyageurs,33.5898,-7.5898,Choix direct de la catégorie
2026-01-11 08:29:42,French,Tarification,Tram18,Nations Unies,33.5956,-7.6186,Choix direct de la catégorie
2026-01-11 09:05:04,French,Ponctualité et régularité,Tram19,Casa Voyageurs,33.5898,-7.5898,Choix direct de la catégorie
2026-01-11 09:06:57,French,Spam,Tram42,Technopark,33.535,-7.6322,Choix direct de la catégorie
2026-01-11 09:10:39,English,Comportement indésirable,Tram41,Gare Casa Port,33.5992,-7.6125,Choix direct de la catégorie
2026-01-11 09:28:14,French,Tarification,Tram10,Technopark,33.535,-7.6322,Choix direct de la catégorie
2026-01-11 09:30:38,French,Sécurité et sûreté,Tram14,Nations Unies,33.5956,-7.6186,Choix direct de la catégorie
2026-01-11 17:19:15,French,Sécurité et sûreté,Tram24,Abdelmoumen,33.5731,-7.6184,Choix direct de la catégorie
2026-01-11 17:19:31,French,Comportement indésirable,Tram03,Abdelmoumen,33.5731,-7.6184,Choix direct de la catégorie
2026-01-11 17:29:00,French,Informations voyageur,Tram06,Casa Voyageurs,33.5898,-7.5898,Choix direct de la catégorie
2026-01-11 17:40:33,French,Tarification,Tram12,Casa Voyageurs,33.5898,-7.5898,Choix direct de la catégorie
2026-01-11 18:09:27,Arabic,Comportement indésirable,Tram40,Abdelmoumen,33.5731,-7.6184,Choix direct de la catégorie
2026-01-11 18:10:29,Arabic,Comportement du personnel,Tram01,Abdelmoumen,33.5731,-7.6184,Choix direct de la catégorie
2026-01-11 18:17:00,Arabic,Sécurité et sûreté,Tram03,Abdelmoumen,33.5731,-7.6184,Choix direct de la catégorie
2026-01-11 18:57:00,French,Sécurité et sûreté,Tram39,Casa Voyageurs,33.5898,-7.5898,Choix direct de la catégorie
2026-01-12 06:05:18,French,Comportement du personnel,Tram44,Abdelmoumen,33.5731,-7.6184,Choix direct de la catégorie
2026-01-12 06:32:17,Arabic,Equipements,Tram42,Gare Casa Port,33.5992,-7.6125,Choix direct de la catégorie
2026-01-12 07:38:55,Arabic,Tarification,Tram04,Casa Voyageurs,33.5898,-7.5898,Choix direct de la catégorie
2026-01-12 08:12:45,Arabic,Informations voyageur,Tram20,Technopark,33.535,-7.6322,Choix direct de la catégorie
2026-01-12 08:22:03,French,Sécurité et sûreté,Tram37,Casa Voyageurs,33.5898,-7.5898,Choix direct de la catégorie
2026-01-12 08:57:30,Arabic,Comportement indésirable,Tram27,Casa Voyageurs,33.5898,-7.5898,Choix direct de la catégorie
2026-01-12 09:30:15,English,Sécurité et sûreté,Tram38,Nations Unies,33.5956,-7.6186,Choix direct de la catégorie
2026-01-12 16:23:51,Arabic,Informations voyageur,Tram06,Abdelmoumen,33.5731,-7.6184,Choix direct de la catégorie
2026-01-12 17:01:38,French,Comportement indésirable,Tram16,Abdelmoumen,33.5731,-7.6184,Choix direct de la catégorie
2026-01-12 17:07:56,French,Informations insuffisantes,Tram22,Technopark,33.535,-7.6322,Choix direct de la catégorie
2026-01-12 17:22:44,French,Comportement indésirable,Tram14,Casa Voyageurs,33.5898,-7.5898,Choix direct de la catégorie
2026-01-12 17:47:02,English,Comportement du personnel,Tram45,Casa Voyageurs,33.5898,-7.5898,Choix direct de la catégorie
2026-01-12 17:49:46,French,Tarification,Tram08,Technopark,33.535,-7.6322,Choix direct de la catégorie
2026-01-12 18:29:34,French,Ponctualité et régularité,Tram09,Casa Voyageurs,33.5898,-7.5898,Choix direct de la catégorie
2026-01-12 18:31:32,Arabic,Equipements,Tram17,Abdelmoumen,33.5731,-7.6184,Choix direct de la catégorie
2026-01-12 18:48:02,Arabic,Comportement indésirable,Tram05,Abdelmoumen,33.5731,-7.6184,Choix direct de la catégorie
2026-01-12 18:55:02,Arabic,Ponctualité et régularité,Tram31,Casa Voyageurs,33.5898,-7.5898,Choix direct de la catégorie
2026-01-12 18:59:33,Arabic,Tarification,Tram21,Casa Voyageurs,33.5898,-7.5898,Choix direct de la catégorie
2026-01-12 19:11:54,French,Comportement indésirable,Tram41,Abdelmoumen,33.5731,-7.6184,Choix direct de la catégorie
2026-01-12 21:42:17,Arabic,Spam,Tram23,Casa Voyageurs,33.5898,-7.5898,Choix direct de la catégorie
2026-01-13 06:09:28,French,Equipements,Tram26,Technopark,33.535,-7.6322,Choix direct de la catégorie
2026-01-13 06:37:29,French,Ponctualité et régularité,Tram40,Abdelmoumen,33.5731,-7.6184,Choix direct de la catégorie
2026-01-13 06:58:38,French,Ponctualité et régularité,Tram01,Nations Unies,33.5956,-7.6186,Choix direct de la catégorie
2026-01-13 07:38:52,French,Informations insuffisantes,Tram33,Abdelmoumen,33.5731,-7.6184,Choix direct de la catégorie
2026-01-13 08:28:28,French,Sécurité et sûreté,Tram33,Gare Casa Port,33.5992,-7.6125,Choix direct de la catégorie
2026-01-13 08:35:40,Arabic,Tarification,Tram21,Technopark,33.535,-7.6322,Choix direct de la catégorie
2026-01-13 08:42:50,Arabic,Spam,Tram32,Gare Casa Port,33.5992,-7.6125,Choix direct de la catégorie
2026-01-13 15:21:10,French,Equipements,Tram04,Technopark,33.535,-7.6322,Choix direct de la catégorie
2026-01-13 17:20:15,French,Informations insuffisantes,Tram24,Abdelmoumen,33.5731,-7.6184,Choix direct de la catégorie
2026-01-13 17:31:33,Arabic,Ponctualité et régularité,Tram15,Technopark,33.535,-7.6322,Choix direct de la catégorie
2026-01-13 17:31:52,Arabic,Informations voyageur,Tram44,Technopark,33.535,-7.6322,Choix direct de la catégorie
2026-01-13 18:31:08,Arabic,Spam,Tram41,Abdelmoumen,33.5731,-7.6184,Choix direct de la catégorie
2026-01-13 19:09:00,Arabic,Informations voyageur,Tram19,Nations Unies,33.5956,-7.6186,Choix direct de la catégorie
2026-01-13 19:11:20,French,Ponctualité et régularité,Tram03,Abdelmoumen,33.5731,-7.6184,Choix direct de la catégorie
2026-01-14 06:25:58,French,Comportement du personnel,Tram35,Abdelmoumen,33.5731,-7.6184,Choix direct de la catégorie
2026-01-14 08:16:10,French,Tarification,Tram38,Gare Casa Port,33.5992,-7.6125,Choix direct de la catégorie
2026-01-14 08:26:20,French,Informations insuffisantes,Tram17,Casa Voyageurs,33.5898,-7.5898,Choix direct de la catégorie
2026-01-14 08:44:25,French,Sécurité et sûreté,Tram42,Technopark,33.535,-7.6322,Choix direct de la catégorie
2026-01-14 08:45:32,English,Ponctualité et régularité,Tram33,Nations Unies,33.5956,-7.6186,Choix direct de la catégorie
2026-01-14 08:49:47,Arabic,Informations insuffisantes,Tram32,Abdelmoumen,33.5731,-7.6184,Choix direct de la catégorie
2026-01-14 09:03:47,French,Informations insuffisantes,Tram21,Technopark,33.535,-7.6322,Choix direct de la catégorie
2026-01-14 09:08:03,French,Tarification,Tram06,Abdelmoumen,33.5731,-7.6184,Choix direct de la catégorie
2026-01-14 09:21:05,Arabic,Tarification,Tram03,Casa Voyageurs,33.5898,-7.5898,Choix direct de la catégorie
2026-01-14 11:45:40,Arabic,Tarification,Tram12,Technopark,33.535,-7.6322,Choix direct de la catégorie
2026-01-14 17:12:50,French,Equipements,Tram33,Abdelmoumen,33.5731,-7.6184,Choix direct de la catégorie
2026-01-14 17:41:35,French,Equipements,Tram17,Abdelmoumen,33.5731,-7.6184,Choix direct de la catégorie
2026-01-14 18:04:21,French,Informations insuffisantes,Tram21,Gare Casa Port,33.5992,-7.6125,Choix direct de la catégorie
2026-01-14 18:18:02,French,Equipements,Tram39,Abdelmoumen,33.5731,-7.6184,Choix direct de la catégorie
2026-01-14 18:59:22,French,Informations insuffisantes,Tram13,Technopark,33.535,-7.6322,Choix direct de la catégorie
2026-01-14 19:11:15,Arabic,Tarification,Tram31,Abdelmoumen,33.5731,-7.6184,Choix direct de la catégorie
2026-01-14 19:29:05,French,Equipements,Tram33,Nations Unies,33.5956,-7.6186,Choix direct de la catégorie
2026-01-14 20:50:16,Arabic,Equipements,Tram04,Technopark,33.535,-7.6322,Choix direct de la catégorie
2026-01-14 22:02:36,Arabic,Comportement du personnel,Tram04,Abdelmoumen,33.5731,-7.6184,Choix direct de la catégorie
2026-01-14 22:37:08,French,Spam,Tram26,Technopark,33.535,-7.6322,Choix direct de la catégorie
2026-01-14 23:07:40,French,Informations voyageur,Tram13,Abdelmoumen,33.5731,-7.6184,Choix direct de la catégorie
2026-01-15 07:19:56,French,Spam,Tram15,Nations Unies,33.5956,-7.6186,Choix direct de la catégorie
2026-01-15 08:33:44,French,Informations insuffisantes,Tram09,Nations Unies,33.5956,-7.6186,Choix direct de la catégorie
2026-01-15 08:44:27,French,Tarification,Tram38,Nations Unies,33.5956,-7.6186,Choix direct de la catégorie
2026-01-15 09:25:03,Arabic,Comportement du personnel,Tram15,Gare Casa Port,33.5992,-7.6125,Choix direct de la catégorie
2026-01-15 11:20:13,French,Ponctualité et régularité,Tram33,Abdelmoumen,33.5731,-7.6184,Choix direct de la catégorie
2026-01-15 14:13:06,French,Informations voyageur,Tram10,Abdelmoumen,33.5731,-7.6184,Choix direct de la catégorie
2026-01-15 15:51:22,French,Sécurité et sûreté,Tram01,Casa Voyageurs,33.5898,-7.5898,Choix direct de la catégorie
2026-01-15 17:21:28,French,Tarification,Tram35,Abdelmoumen,33.5731,-7.6184,Choix direct de la catégorie
2026-01-15 17:31:25,Arabic,Sécurité et sûreté,Tram01,Abdelmoumen,33.5731,-7.6184,Choix direct de la catégorie
2026-01-15 18:29:15,French,Equipements,Tram05,Casa Voyageurs,33.5898,-7.5898,Choix direct de la catégorie
2026-01-15 18:53:33,French,Comportement du personnel,Tram16,Abdelmoumen,33.5731,-7.6184,Choix direct de la catégorie
2026-01-15 21:02:23,French,Comportement indésirable,Tram36,Casa Voyageurs,33.5898,-7.5898,Choix direct de la catégorie
2026-01-16 07:28:27,Arabic,Tarification,Tram45,Casa Voyageurs,33.5898,-7.5898,Choix direct de la catégorie
2026-01-16 08:01:08,French,Spam,Tram43,Abdelmoumen,33.5731,-7.6184,Choix direct de la catégorie
2026-01-16 08:05:22,French,Informations insuffisantes,Tram07,Technopark,33.535,-7.6322,Choix direct de la catégorie
2026-01-16 08:55:42,Arabic,Informations voyageur,Tram42,Casa Voyageurs,33.5898,-7.5898,Choix direct de la catégorie
2026-01-16 09:24:06,French,Sécurité et sûreté,Tram33,Nations Unies,33.5956,-7.6186,Choix direct de la catégorie
2026-01-16 09:27:03,French,Tarification,Tram40,Nations Unies,33.5956,-7.6186,Choix direct de la catégorie
2026-01-16 15:40:16,French,Sécurité et sûreté,Tram43,Gare Casa Port,33.5992,-7.6125,Choix direct de la catégorie
2026-01-16 17:13:57,Arabic,Comportement indésirable,Tram10,Abdelmoumen,33.5731,-7.6184,Choix direct de la catégorie
2026-01-16 17:47:38,French,Comportement du personnel,Tram26,Technopark,33.535,-7.6322,Choix direct de la catégorie
2026-01-16 17:47:57,Arabic,Informations insuffisantes,Tram07,Technopark,33.535,-7.6322,Choix direct de la catégorie
2026-01-16 17:49:05,Arabic,Comportement du personnel,Tram32,Abdelmoumen,33.5731,-7.6184,Choix direct de la catégorie
2026-01-16 18:39:56,French,Equipements,Tram40,Abdelmoumen,33.5731,-7.6184,Choix direct de la catégorie
2026-01-16 19:02:21,French,Informations voyageur,Tram18,Casa Voyageurs,33.5898,-7.5898,Choix direct de la catégorie
2026-01-16 20:20:24,English,Ponctualité et régularité,Tram36,Casa Voyageurs,33.5898,-7.5898,Choix direct de la catégorie
2026-01-16 22:37:31,French,Ponctualité et régularité,Tram34,Abdelmoumen,33.5731,-7.6184,Choix direct de la catégorie
2026-01-17 06:10:25,English,Ponctualité et régularité,Tram36,Abdelmoumen,33.5731,-7.6184,Choix direct de la catégorie
2026-01-17 07:30:23,Arabic,Equipements,Tram18,Casa Voyageurs,33.5898,-7.5898,Choix direct de la catégorie
2026-01-17 07:57:35,French,Informations voyageur,Tram44,Abdelmoumen,33.5731,-7.6184,Choix direct de la catégorie
2026-01-17 08:12:09,Arabic,Comportement du personnel,Tram14,Technopark,33.535,-7.6322,Choix direct de la catégorie
2026-01-17 08:55:11,Arabic,Comportement du personnel,Tram13,Gare Casa Port,33.5992,-7.6125,Choix direct de la catégorie
2026-01-17 08:55:59,Arabic,Ponctualité et régularité,Tram07,Casa Voyageurs,33.5898,-7.5898,Choix direct de la catégorie
2026-01-17 08:59:22,Arabic,Comportement indésirable,Tram15,Technopark,33.535,-7.6322,Choix direct de la catégorie
2026-01-17 09:05:59,Arabic,Tarification,Tram22,Technopark,33.535,-7.6322,Choix direct de la catégorie
2026-01-17 09:15:54,English,Equipements,Tram11,Abdelmoumen,33.5731,-7.6184,Choix direct de la catégorie
2026-01-17 09:17:22,Arabic,Comportement indésirable,Tram39,Casa Voyageurs,33.5898,-7.5898,Choix direct de la catégorie
2026-01-17 17:19:19,French,Equipements,Tram35,Technopark,33.535,-7.6322,Choix direct de la catégorie
2026-01-17 18:06:56,French,Tarification,Tram24,Abdelmoumen,33.5731,-7.6184,Choix direct de la catégorie
2026-01-17 18:27:30,French,Ponctualité et régularité,Tram18,Technopark,33.535,-7.6322,Choix direct de la catégorie
2026-01-17 18:29:55,French,Ponctualité et régularité,Tram36,Abdelmoumen,33.5731,-7.6184,Choix direct de la catégorie
2026-01-17 18:41:20,French,Informations insuffisantes,Tram04,Nations Unies,33.5956,-7.6186,Choix direct de la catégorie
2026-01-17 19:16:03,French,Tarification,Tram26,Gare Casa Port,33.5992,-7.6125,Choix direct de la catégorie
2026-01-17 21:12:29,French,Informations insuffisantes,Tram34,Gare Casa Port,33.5992,-7.6125,Choix direct de la catégorie
2026-01-17 22:46:58,Arabic,Informations insuffisantes,Tram27,Casa Voyageurs,33.5898,-7.5898,Choix direct de la catégorie
2026-01-17 23:14:59,French,Tarification,Tram14,Casa Voyageurs,33.5898,-7.5898,Choix direct de la catégorie
2026-01-17 23:20:42,Arabic,Informations voyageur,Tram33,Gare Casa Port,33.5992,-7.6125,Choix direct de la catégorie
2026-01-18 06:10:21,French,Informations voyageur,Tram16,Nations Unies,33.5956,-7.6186,Choix direct de la catégorie
2026-01-18 06:48:48,French,Tarification,Tram04,Technopark,33.535,-7.6322,Choix direct de la catégorie
2026-01-18 08:21:19,French,Ponctualité et régularité,Tram41,Casa Voyageurs,33.5898,-7.5898,Choix direct de la catégorie
2026-01-18 08:31:47,French,Ponctualité et régularité,Tram37,Abdelmoumen,33.5731,-7.6184,Choix direct de la catégorie
2026-01-18 09:17:33,French,Informations insuffisantes,Tram07,Abdelmoumen,33.5731,-7.6184,Choix direct de la catégorie
2026-01-18 09:30:08,French,Sécurité et sûreté,Tram34,Casa Voyageurs,33.5898,-7.5898,Choix direct de la catégorie
2026-01-18 14:15:42,Arabic,Tarification,Tram03,Casa Voyageurs,33.5898,-7.5898,Choix direct de la catégorie
2026-01-18 14:32:32,English,Equipements,Tram40,Technopark,33.535,-7.6322,Choix direct de la catégorie
2026-01-18 15:41:23,Arabic,Informations voyageur,Tram33,Abdelmoumen,33.5731,-7.6184,Choix direct de la catégorie
2026-01-18 17:23:52,Arabic,Spam,Tram33,Gare Casa Port,33.5992,-7.6125,Choix direct de la catégorie
2026-01-18 17:36:10,French,Comportement indésirable,Tram36,Abdelmoumen,33.5731,-7.6184,Choix direct de la catégorie
2026-01-18 18:03:13,French,Comportement indésirable,Tram21,Casa Voyageurs,33.5898,-7.5898,Choix direct de la catégorie
2026-01-18 18:09:17,Arabic,Comportement du personnel,Tram25,Technopark,33.535,-7.6322,Choix direct de la catégorie
2026-01-18 19:16:21,French,Informations insuffisantes,Tram13,Abdelmoumen,33.5731,-7.6184,Choix direct de la catégorie
2026-01-18 19:29:48,French,Sécurité et sûreté,Tram17,Technopark,33.535,-7.6322,Choix direct de la catégorie
2026-01-18 20:11:38,Arabic,Comportement indésirable,Tram08,Gare Casa Port,33.5992,-7.6125,Choix direct de la catégorie
2026-01-18 22:05:37,French,Informations voyageur,Tram45,Abdelmoumen,33.5731,-7.6184,Choix direct de la catégorie
2026-01-19 06:11:10,French,Comportement indésirable,Tram33,Gare Casa Port,33.5992,-7.6125,Choix direct de la catégorie
2026-01-19 06:30:03,French,Comportement indésirable,Tram29,Nations Unies,33.5956,-7.6186,Choix direct de la catégorie
2026-01-19 06:54:06,Arabic,Informations insuffisantes,Tram15,Abdelmoumen,33.5731,-7.6184,Choix direct de la catégorie
2026-01-19 07:44:55,French,Comportement du personnel,Tram32,Abdelmoumen,33.5731,-7.6184,Choix direct de la catégorie
2026-01-19 07:54:50,Arabic,Tarification,Tram12,Casa Voyageurs,33.5898,-7.5898,Choix direct de la catégorie
2026-01-19 07:59:41,Arabic,Ponctualité et régularité,Tram06,Casa Voyageurs,33.5898,-7.5898,Choix direct de la catégorie
2026-01-19 08:03:19,Arabic,Informations voyageur,Tram20,Abdelmoumen,33.5731,-7.6184,Choix direct de la catégorie
2026-01-19 08:04:34,French,Comportement du personnel,Tram30,Technopark,33.535,-7.6322,Choix direct de la catégorie
2026-01-19 09:20:36,Arabic,Spam,Tram23,Abdelmoumen,33.5731,-7.6184,Choix direct de la catégorie
2026-01-19 11:49:50,French,Equipements,Tram25,Nations Unies,33.5956,-7.6186,Choix direct de la catégorie
2026-01-19 12:55:23,French,Ponctualité et régularité,Tram21,Gare Casa Port,33.5992,-7.6125,Choix direct de la catégorie
2026-01-19 17:11:20,English,Spam,Tram12,Casa Voyageurs,33.5898,-7.5898,Choix direct de la catégorie
2026-01-19 17:31:12,French,Tarification,Tram11,Abdelmoumen,33.5731,-7.6184,Choix direct de la catégorie
2026-01-19 23:29:02,Arabic,Informations insuffisantes,Tram21,Casa Voyageurs,33.5898,-7.5898,Choix direct de la catégorie
2026-01-20 06:16:18,French,Comportement indésirable,Tram25,Abdelmoumen,33.5731,-7.6184,Choix direct de la catégorie
2026-01-20 06:19:50,French,Spam,Tram18,Nations Unies,33.5956,-7.6186,Choix direct de la catégorie
2026-01-20 08:03:35,French,Tarification,Tram37,Casa Voyageurs,33.5898,-7.5898,Choix direct de la catégorie
2026-01-20 08:23:08,French,Comportement indésirable,Tram05,Technopark,33.535,-7.6322,Choix direct de la catégorie
2026-01-20 08:28:15,French,Informations voyageur,Tram26,Technopark,33.535,-7.6322,Choix direct de la catégorie
2026-01-20 08:39:37,French,Informations voyageur,Tram40,Abdelmoumen,33.5731,-7.6184,Choix direct de la catégorie
2026-01-20 08:41:45,Arabic,Informations insuffisantes,Tram41,Technopark,33.535,-7.6322,Choix direct de la catégorie
2026-01-20 09:00:58,Arabic,Ponctualité et régularité,Tram34,Abdelmoumen,33.5731,-7.6184,Choix direct de la catégorie
2026-01-20 09:30:00,Arabic,Equipements,Tram16,Casa Voyageurs,33.5898,-7.5898,Choix direct de la catégorie
2026-01-20 14:43:50,Arabic,Equipements,Tram23,Nations Unies,33.5956,-7.6186,Choix direct de la catégorie
2026-01-20 17:09:18,French,Tarification,Tram05,Abdelmoumen,33.5731,-7.6184,Choix direct de la catégorie
2026-01-20 17:23:54,French,Informations insuffisantes,Tram36,Abdelmoumen,33.5731,-7.6184,Choix direct de la catégorie
2026-01-20 17:57:22,Arabic,Equipements,Tram22,Technopark,33.535,-7.6322,Choix direct de la catégorie
2026-01-20 19:11:16,French,Comportement du personnel,Tram14,Casa Voyageurs,33.5898,-7.5898,Choix direct de la catégorie
2026-01-20 20:33:14,French,Comportement du personnel,Tram09,Technopark,33.535,-7.6322,Choix direct de la catégorie
2026-01-20 20:58:40,French,Sécurité et sûreté,Tram06,Abdelmoumen,33.5731,-7.6184,Choix direct de la catégorie
2026-01-20 22:27:14,French,Comportement indésirable,Tram31,Technopark,33.535,-7.6322,Choix direct de la catégorie
2026-01-21 06:01:50,Arabic,Informations insuffisantes,Tram28,Casa Voyageurs,33.5898,-7.5898,Choix direct de la catégorie
2026-01-21 06:20:37,French,Comportement indésirable,Tram11,Nations Unies,33.5956,-7.6186,Choix direct de la catégorie
2026-01-21 07:52:45,Arabic,Tarification,Tram32,Abdelmoumen,33.5731,-7.6184,Choix direct de la catégorie
2026-01-21 08:36:31,French,Spam,Tram11,Casa Voyageurs,33.5898,-7.5898,Choix direct de la catégorie
2026-01-21 08:38:50,French,Ponctualité et régularité,Tram31,Abdelmoumen,33.5731,-7.6184,Choix direct de la catégorie
2026-01-21 08:41:52,French,Ponctualité et régularité,Tram38,Technopark,33.535,-7.6322,Choix direct de la catégorie
2026-01-21 08:50:01,English,Informations insuffisantes,Tram05,Technopark,33.535,-7.6322,Choix direct de la catégorie
2026-01-21 08:59:41,French,Tarification,Tram42,Casa Voyageurs,33.5898,-7.5898,Choix direct de la catégorie
2026-01-21 09:16:44,Arabic,Equipements,Tram05,Gare Casa Port,33.5992,-7.6125,Choix direct de la catégorie
2026-01-21 09:21:08,French,Comportement du personnel,Tram03,Abdelmoumen,33.5731,-7.6184,Choix direct de la catégorie
2026-01-21 09:27:10,French,Comportement indésirable,Tram07,Technopark,33.535,-7.6322,Choix direct de la catégorie
2026-01-21 09:30:24,French,Informations voyageur,Tram34,Abdelmoumen,33.5731,-7.6184,Choix direct de la catégorie
2026-01-21 09:30:38,Arabic,Ponctualité et régularité,Tram04,Technopark,33.535,-7.6322,Choix direct de la catégorie
2026-01-21 09:46:29,French,Informations insuffisantes,Tram31,Abdelmoumen,33.5731,-7.6184,Choix direct de la catégorie
2026-01-21 10:08:35,French,Comportement du personnel,Tram06,Nations Unies,33.5956,-7.6186,Choix direct de la catégorie
2026-01-21 17:04:45,Arabic,Sécurité et sûreté,Tram35,Nations Unies,33.5956,-7.6186,Choix direct de la catégorie
2026-01-21 18:05:28,French,Informations insuffisantes,Tram23,Technopark,33.535,-7.6322,Choix direct de la catégorie
2026-01-21 18:25:23,French,Ponctualité et régularité,Tram06,Casa Voyageurs,33.5898,-7.5898,Choix direct de la catégorie
2026-01-21 19:22:57,Arabic,Comportement du personnel,Tram01,Casa Voyageurs,33.5898,-7.5898,Choix direct de la catégorie
2026-01-21 20:03:31,French,Tarification,Tram22,Abdelmoumen,33.5731,-7.6184,Choix direct de la catégorie
2026-01-21 22:26:38,Arabic,Sécurité et sûreté,Tram04,Casa Voyageurs,33.5898,-7.5898,Choix direct de la catégorie
2026-01-21 22:33:53,French,Comportement du personnel,Tram34,Casa Voyageurs,33.5898,-7.5898,Choix direct de la catégorie
2026-01-22 06:50:52,French,Spam,Tram04,Abdelmoumen,33.5731,-7.6184,Choix direct de la catégorie
2026-01-22 07:17:33,English,Tarification,Tram42,Casa Voyageurs,33.5898,-7.5898,Choix direct de la catégorie
2026-01-22 08:00:09,French,Informations insuffisantes,Tram37,Nations Unies,33.5956,-7.6186,Choix direct de la catégorie
2026-01-22 08:18:49,French,Comportement du personnel,Tram38,Abdelmoumen,33.5731,-7.6184,Choix direct de la catégorie
2026-01-22 09:06:16,French,Informations insuffisantes,Tram44,Abdelmoumen,33.5731,-7.6184,Choix direct de la catégorie
2026-01-22 09:07:43,Arabic,Ponctualité et régularité,Tram25,Casa Voyageurs,33.5898,-7.5898,Choix direct de la catégorie
2026-01-22 09:16:49,French,Tarification,Tram25,Abdelmoumen,33.5731,-7.6184,Choix direct de la catégorie
2026-01-22 09:28:28,French,Equipements,Tram22,Casa Voyageurs,33.5898,-7.5898,Choix direct de la catégorie
2026-01-22 10:29:40,French,Informations insuffisantes,Tram34,Nations Unies,33.5956,-7.6186,Choix direct de la catégorie
2026-01-22 11:52:31,French,Comportement du personnel,Tram36,Abdelmoumen,33.5731,-7.6184,Choix direct de la catégorie
2026-01-22 18:36:51,French,Comportement du personnel,Tram12,Abdelmoumen,33.5731,-7.6184,Choix direct de la catégorie
2026-01-22 19:39:38,Arabic,Spam,Tram09,Casa Voyageurs,33.5898,-7.5898,Choix direct de la catégorie
2026-01-22 20:34:17,Arabic,Ponctualité et régularité,Tram24,Gare Casa Port,33.5992,-7.6125,Choix direct de la catégorie
2026-01-23 06:47:36,French,Comportement du personnel,Tram38,Casa Voyageurs,33.5898,-7.5898,Choix direct de la catégorie
2026-01-23 08:47:16,Arabic,Equipements,Tram15,Casa Voyageurs,33.5898,-7.5898,Choix direct de la catégorie
2026-01-23 09:29:59,French,Ponctualité et régularité,Tram29,Abdelmoumen,33.5731,-7.6184,Choix direct de la catégorie
2026-01-23 18:42:31,Arabic,Ponctualité et régularité,Tram34,Casa Voyageurs,33.5898,-7.5898,Choix direct de la catégorie
2026-01-23 18:51:18,French,Spam,Tram27,Technopark,33.535,-7.6322,Choix direct de la catégorie
2026-01-23 20:02:38,French,Ponctualité et régularité,Tram18,Casa Voyageurs,33.5898,-7.5898,Choix direct de la catégorie
2026-01-23 20:41:29,English,Informations voyageur,Tram25,Nations Unies,33.5956,-7.6186,Choix direct de la catégorie
2026-01-24 06:18:34,Arabic,Spam,Tram29,Abdelmoumen,33.5731,-7.6184,Choix direct de la catégorie
2026-01-24 08:11:07,French,Comportement indésirable,Tram24,Abdelmoumen,33.5731,-7.6184,Choix direct de la catégorie
2026-01-24 09:19:05,French,Comportement du personnel,Tram25,Casa Voyageurs,33.5898,-7.5898,Choix direct de la catégorie
2026-01-24 10:33:14,French,Tarification,Tram11,Nations Unies,33.5956,-7.6186,Choix direct de la catégorie
2026-01-24 10:55:27,French,Informations voyageur,Tram20,Abdelmoumen,33.5731,-7.6184,Choix direct de la catégorie
2026-01-24 16:52:22,French,Tarification,Tram37,Nations Unies,33.5956,-7.6186,Choix direct de la catégorie
2026-01-24 17:58:28,French,Tarification,Tram39,Gare Casa Port,33.5992,-7.6125,Choix direct de la catégorie
2026-01-24 18:53:30,French,Sécurité et sûreté,Tram21,Casa Voyageurs,33.5898,-7.5898,Choix direct de la catégorie
2026-01-24 20:04:33,French,Spam,Tram02,Abdelmoumen,33.5731,-7.6184,Choix direct de la catégorie
2026-01-25 06:39:54,French,Informations insuffisantes,Tram27,Abdelmoumen,33.5731,-7.6184,Choix direct de la catégorie
2026-01-25 07:41:06,French,Comportement du personnel,Tram28,Abdelmoumen,33.5731,-7.6184,Choix direct de la catégorie
2026-01-25 07:41:09,French,Informations insuffisantes,Tram44,Nations Unies,33.5956,-7.6186,Choix direct de la catégorie
2026-01-25 07:55:06,French,Informations insuffisantes,Tram05,Casa Voyageurs,33.5898,-7.5898,Choix direct de la catégorie
2026-01-25 08:02:20,French,Informations insuffisantes,Tram29,Abdelmoumen,33.5731,-7.6184,Choix direct de la catégorie
2026-01-25 08:55:13,Arabic,Sécurité et sûreté,Tram17,Casa Voyageurs,33.5898,-7.5898,Choix direct de la catégorie
2026-01-25 11:14:58,French,Ponctualité et régularité,Tram32,Nations Unies,33.5956,-7.6186,Choix direct de la catégorie
2026-01-25 14:36:17,French,Informations voyageur,Tram15,Technopark,33.535,-7.6322,Choix direct de la catégorie
2026-01-25 15:43:53,French,Equipements,Tram36,Abdelmoumen,33.5731,-7.6184,Choix direct de la catégorie
2026-01-25 17:09:23,French,Tarification,Tram42,Abdelmoumen,33.5731,-7.6184,Choix direct de la catégorie
2026-01-25 17:19:12,French,Ponctualité et régularité,Tram14,Gare Casa Port,33.5992,-7.6125,Choix direct de la catégorie
2026-01-25 17:37:05,Arabic,Informations voyageur,Tram07,Abdelmoumen,33.5731,-7.6184,Choix direct de la catégorie
2026-01-25 18:09:47,English,Comportement indésirable,Tram32,Technopark,33.535,-7.6322,Choix direct de la catégorie
2026-01-25 18:15:03,French,Informations voyageur,Tram10,Gare Casa Port,33.5992,-7.6125,Choix direct de la catégorie
2026-01-25 18:28:04,French,Tarification,Tram07,Casa Voyageurs,33.5898,-7.5898,Choix direct de la catégorie
2026-01-25 18:38:17,French,Comportement du personnel,Tram06,Technopark,33.535,-7.6322,Choix direct de la catégorie
2026-01-25 18:41:10,French,Informations insuffisantes,Tram17,Abdelmoumen,33.5731,-7.6184,Choix direct de la catégorie
2026-01-25 18:44:46,French,Informations insuffisantes,Tram34,Technopark,33.535,-7.6322,Choix direct de la catégorie
2026-01-25 18:52:27,French,Tarification,Tram44,Casa Voyageurs,33.5898,-7.5898,Choix direct de la catégorie
2026-01-25 19:04:40,French,Equipements,Tram45,Technopark,33.535,-7.6322,Choix direct de la catégorie
2026-01-25 19:06:23,French,Sécurité et sûreté,Tram25,Gare Casa Port,33.5992,-7.6125,Choix direct de la catégorie
2026-01-25 22:24:34,Arabic,Tarification,Tram17,Gare Casa Port,33.5992,-7.6125,Choix direct de la catégorie
2026-01-25 22:40:21,French,Informations insuffisantes,Tram13,Abdelmoumen,33.5731,-7.6184,Choix direct de la catégorie
2026-01-25 22:58:09,Arabic,Equipements,Tram39,Technopark,33.535,-7.6322,Choix direct de la catégorie
2026-01-26 07:41:31,French,Comportement indésirable,Tram21,Casa Voyageurs,33.5898,-7.5898,Choix direct de la catégorie
2026-01-26 08:33:35,French,Equipements,Tram15,Casa Voyageurs,33.5898,-7.5898,Choix direct de la catégorie
2026-01-26 08:46:38,French,Informations insuffisantes,Tram31,Technopark,33.535,-7.6322,Choix direct de la catégorie
2026-01-26 09:03:28,Arabic,Comportement du personnel,Tram37,Casa Voyageurs,33.5898,-7.5898,Choix direct de la catégorie
2026-01-26 09:05:33,French,Tarification,Tram08,Casa Voyageurs,33.5898,-7.5898,Choix direct de la catégorie
2026-01-26 09:20:46,French,Comportement indésirable,Tram37,Abdelmoumen,33.5731,-7.6184,Choix direct de la catégorie
2026-01-26 09:24:51,French,Comportement du personnel,Tram03,Nations Unies,33.5956,-7.6186,Choix direct de la catégorie
2026-01-26 09:43:39,French,Tarification,Tram37,Abdelmoumen,33.5731,-7.6184,Choix direct de la catégorie
2026-01-26 11:53:03,Arabic,Tarification,Tram04,Abdelmoumen,33.5731,-7.6184,Choix direct de la catégorie
2026-01-26 15:41:10,French,Ponctualité et régularité,Tram14,Casa Voyageurs,33.5898,-7.5898,Choix direct de la catégorie
2026-01-26 17:21:48,Arabic,Informations insuffisantes,Tram29,Abdelmoumen,33.5731,-7.6184,Choix direct de la catégorie
2026-01-26 17:58:00,French,Spam,Tram17,Abdelmoumen,33.5731,-7.6184,Choix direct de la catégorie
2026-01-26 18:19:44,French,Spam,Tram17,Abdelmoumen,33.5731,-7.6184,Choix direct de la catégorie
2026-01-26 19:29:57,French,Comportement indésirable,Tram23,Casa Voyageurs,33.5898,-7.5898,Choix direct de la catégorie
2026-01-26 21:44:13,English,Informations insuffisantes,Tram43,Nations Unies,33.5956,-7.6186,Choix direct de la catégorie
2026-01-26 22:02:43,French,Informations voyageur,Tram05,Casa Voyageurs,33.5898,-7.5898,Choix direct de la catégorie
2026-01-27 06:24:16,French,Spam,Tram29,Abdelmoumen,33.5731,-7.6184,Choix direct de la catégorie
2026-01-27 06:46:34,French,Tarification,Tram33,Technopark,33.535,-7.6322,Choix direct de la catégorie
2026-01-27 07:31:09,French,Informations voyageur,Tram26,Casa Voyageurs,33.5898,-7.5898,Choix direct de la catégorie
2026-01-27 07:38:11,Arabic,Informations voyageur,Tram31,Abdelmoumen,33.5731,-7.6184,Choix direct de la catégorie
2026-01-27 07:47:23,French,Equipements,Tram22,Nations Unies,33.5956,-7.6186,Choix direct de la catégorie
2026-01-27 08:20:18,French,Informations insuffisantes,Tram24,Technopark,33.535,-7.6322,Choix direct de la catégorie
2026-01-27 08:20:45,English,Sécurité et sûreté,Tram03,Casa Voyageurs,33.5898,-7.5898,Choix direct de la catégorie
2026-01-27 08:38:34,French,Equipements,Tram38,Nations Unies,33.5956,-7.6186,Choix direct de la catégorie
2026-01-27 08:41:06,Arabic,Ponctualité et régularité,Tram10,Casa Voyageurs,33.5898,-7.5898,Choix direct de la catégorie
2026-01-27 08:51:25,Arabic,Informations insuffisantes,Tram22,Nations Unies,33.5956,-7.6186,Choix direct de la catégorie
2026-01-27 09:27:11,English,Informations insuffisantes,Tram36,Abdelmoumen,33.5731,-7.6184,Choix direct de la catégorie
2026-01-27 12:01:50,French,Tarification,Tram25,Abdelmoumen,33.5731,-7.6184,Choix direct de la catégorie
2026-01-27 17:54:47,French,Sécurité et sûreté,Tram20,Casa Voyageurs,33.5898,-7.5898,Choix direct de la catégorie
2026-01-27 18:15:17,Arabic,Informations voyageur,Tram41,Abdelmoumen,33.5731,-7.6184,Choix direct de la catégorie
2026-01-27 18:30:38,French,Comportement du personnel,Tram43,Abdelmoumen,33.5731,-7.6184,Choix direct de la catégorie
2026-01-27 18:39:04,French,Sécurité et sûreté,Tram14,Casa Voyageurs,33.5898,-7.5898,Choix direct de la catégorie
2026-01-27 18:49:32,Arabic,Spam,Tram31,Gare Casa Port,33.5992,-7.6125,Choix direct de la catégorie
2026-01-27 18:58:09,French,Informations voyageur,Tram41,Abdelmoumen,33.5731,-7.6184,Choix direct de la catégorie
2026-01-27 19:13:08,French,Informations voyageur,Tram10,Abdelmoumen,33.5731,-7.6184,Choix direct de la catégorie
2026-01-27 21:04:18,French,Sécurité et sûreté,Tram09,Abdelmoumen,33.5731,-7.6184,Choix direct de la catégorie
2026-01-28 06:26:49,English,Comportement indésirable,Tram20,Abdelmoumen,33.5731,-7.6184,Choix direct de la catégorie
2026-01-28 06:31:51,Arabic,Comportement du personnel,Tram20,Casa Voyageurs,33.5898,-7.5898,Choix direct de la catégorie
2026-01-28 07:17:09,Arabic,Equipements,Tram43,Technopark,33.535,-7.6322,Choix direct de la catégorie
2026-01-28 07:20:30,French,Informations voyageur,Tram40,Nations Unies,33.5956,-7.6186,Choix direct de la catégorie
2026-01-28 07:23:43,French,Sécurité et sûreté,Tram10,Technopark,33.535,-7.6322,Choix direct de la catégorie
2026-01-28 07:33:12,French,Informations voyageur,Tram20,Abdelmoumen,33.5731,-7.6184,Choix direct de la catégorie
2026-01-28 07:44:56,French,Equipements,Tram19,Casa Voyageurs,33.5898,-7.5898,Choix direct de la catégorie
2026-01-28 08:06:12,Arabic,Ponctualité et régularité,Tram13,Casa Voyageurs,33.5898,-7.5898,Choix direct de la catégorie
2026-01-28 08:27:25,French,Ponctualité et régularité,Tram13,Abdelmoumen,33.5731,-7.6184,Choix direct de la catégorie
2026-01-28 08:37:57,Arabic,Sécurité et sûreté,Tram45,Casa Voyageurs,33.5898,-7.5898,Choix direct de la catégorie
2026-01-28 08:39:53,Arabic,Comportement du personnel,Tram01,Gare Casa Port,33.5992,-7.6125,Choix direct de la catégorie
2026-01-28 09:22:11,French,Spam,Tram13,Casa Voyageurs,33.5898,-7.5898,Choix direct de la catégorie
2026-01-28 16:26:31,French,Ponctualité et régularité,Tram27,Casa Voyageurs,33.5898,-7.5898,Choix direct de la catégorie
2026-01-28 17:21:28,French,Comportement du personnel,Tram31,Technopark,33.535,-7.6322,Choix direct de la catégorie
2026-01-28 17:49:35,Arabic,Tarification,Tram23,Abdelmoumen,33.5731,-7.6184,Choix direct de la catégorie
2026-01-28 18:01:24,French,Comportement du personnel,Tram35,Technopark,33.535,-7.6322,Choix direct de la catégorie
2026-01-28 18:03:48,Arabic,Sécurité et sûreté,Tram39,Technopark,33.535,-7.6322,Choix direct de la catégorie
2026-01-28 18:06:28,French,Sécurité et sûreté,Tram34,Abdelmoumen,33.5731,-7.6184,Choix direct de la catégorie
2026-01-28 18:36:43,Arabic,Comportement du personnel,Tram04,Casa Voyageurs,33.5898,-7.5898,Choix direct de la catégorie
2026-01-28 19:06:42,French,Comportement indésirable,Tram22,Abdelmoumen,33.5731,-7.6184,Choix direct de la catégorie
2026-01-28 19:15:55,Arabic,Comportement indésirable,Tram31,Abdelmoumen,33.5731,-7.6184,Choix direct de la catégorie
2026-01-29 06:52:48,French,Ponctualité et régularité,Tram10,Casa Voyageurs,33.5898,-7.5898,Choix direct de la catégorie
2026-01-29 07:47:09,French,Comportement indésirable,Tram42,Abdelmoumen,33.5731,-7.6184,Choix direct de la catégorie
2026-01-29 07:55:41,French,Equipements,Tram03,Gare Casa Port,33.5992,-7.6125,Choix direct de la catégorie
2026-01-29 08:00:11,Arabic,Tarification,Tram28,Gare Casa Port,33.5992,-7.6125,Choix direct de la catégorie
2026-01-29 08:45:09,French,Tarification,Tram12,Abdelmoumen,33.5731,-7.6184,Choix direct de la catégorie
2026-01-29 09:19:55,French,Comportement indésirable,Tram09,Abdelmoumen,33.5731,-7.6184,Choix direct de la catégorie
2026-01-29 11:17:09,Arabic,Comportement du personnel,Tram22,Abdelmoumen,33.5731,-7.6184,Choix direct de la catégorie
2026-01-29 12:41:19,Arabic,Tarification,Tram22,Technopark,33.535,-7.6322,Choix direct de la catégorie
2026-01-29 15:42:59,French,Spam,Tram27,Abdelmoumen,33.5731,-7.6184,Choix direct de la catégorie
2026-01-29 17:05:24,Arabic,Comportement indésirable,Tram34,Gare Casa Port,33.5992,-7.6125,Choix direct de la catégorie
2026-01-29 19:00:02,French,Sécurité et sûreté,Tram41,Technopark,33.535,-7.6322,Choix direct de la catégorie
2026-01-29 19:00:17,French,Informations insuffisantes,Tram10,Nations Unies,33.5956,-7.6186,Choix direct de la catégorie
2026-01-29 19:06:56,French,Sécurité et sûreté,Tram15,Abdelmoumen,33.5731,-7.6184,Choix direct de la catégorie
2026-01-29 19:29:44,French,Sécurité et sûreté,Tram26,Casa Voyageurs,33.5898,-7.5898,Choix direct de la catégorie
2026-01-29 20:19:57,French,Sécurité et sûreté,Tram38,Abdelmoumen,33.5731,-7.6184,Choix direct de la catégorie
2026-01-29 21:29:28,Arabic,Informations insuffisantes,Tram18,Abdelmoumen,33.5731,-7.6184,Choix direct de la catégorie
2026-01-30 06:35:18,Arabic,Informations insuffisantes,Tram36,Abdelmoumen,33.5731,-7.6184,Choix direct de la catégorie
2026-01-30 07:38:03,Arabic,Comportement du personnel,Tram32,Casa Voyageurs,33.5898,-7.5898,Choix direct de la catégorie
2026-01-30 08:18:12,Arabic,Spam,Tram28,Abdelmoumen,33.5731,-7.6184,Choix direct de la catégorie
2026-01-30 08:22:17,French,Equipements,Tram15,Casa Voyageurs,33.5898,-7.5898,Choix direct de la catégorie
2026-01-30 08:23:33,French,Comportement du personnel,Tram22,Casa Voyageurs,33.5898,-7.5898,Choix direct de la catégorie
2026-01-30 08:54:37,Arabic,Sécurité et sûreté,Tram27,Casa Voyageurs,33.5898,-7.5898,Choix direct de la catégorie
2026-01-30 09:02:40,English,Ponctualité et régularité,Tram37,Casa Voyageurs,33.5898,-7.5898,Choix direct de la catégorie
2026-01-30 09:04:47,Arabic,Ponctualité et régularité,Tram23,Casa Voyageurs,33.5898,-7.5898,Choix direct de la catégorie
2026-01-30 09:12:12,Arabic,Tarification,Tram28,Casa Voyageurs,33.5898,-7.5898,Choix direct de la catégorie
2026-01-30 09:14:51,French,Spam,Tram34,Abdelmoumen,33.5731,-7.6184,Choix direct de la catégorie
2026-01-30 11:38:53,French,Informations insuffisantes,Tram04,Abdelmoumen,33.5731,-7.6184,Choix direct de la catégorie
2026-01-30 14:14:46,French,Equipements,Tram38,Abdelmoumen,33.5731,-7.6184,Choix direct de la catégorie
2026-01-30 17:18:49,French,Equipements,Tram24,Casa Voyageurs,33.5898,-7.5898,Choix direct de la catégorie
2026-01-30 17:28:04,Arabic,Equipements,Tram01,Technopark,33.535,-7.6322,Choix direct de la catégorie
2026-01-30 18:21:50,French,Tarification,Tram32,Abdelmoumen,33.5731,-7.6184,Choix direct de la catégorie
2026-01-30 18:31:24,Arabic,Informations insuffisantes,Tram38,Abdelmoumen,33.5731,-7.6184,Choix direct de la catégorie
2026-01-30 18:38:24,French,Ponctualité et régularité,Tram23,Abdelmoumen,33.5731,-7.6184,Choix direct de la catégorie
2026-01-30 18:52:52,English,Equipements,Tram27,Abdelmoumen,33.5731,-7.6184,Choix direct de la catégorie
2026-01-30 18:59:26,French,Tarification,Tram05,Abdelmoumen,33.5731,-7.6184,Choix direct de la catégorie
2026-01-30 19:21:19,Arabic,Informations voyageur,Tram23,Casa Voyageurs,33.5898,-7.5898,Choix direct de la catégorie
2026-01-30 19:23:16,French,Comportement du personnel,Tram26,Casa Voyageurs,33.5898,-7.5898,Choix direct de la catégorie
2026-01-30 20:02:08,French,Informations insuffisantes,Tram42,Abdelmoumen,33.5731,-7.6184,Choix direct de la catégorie
2026-01-31 06:13:01,French,Equipements,Tram04,Technopark,33.535,-7.6322,Choix direct de la catégorie
2026-01-31 07:01:12,French,Informations insuffisantes,Tram42,Abdelmoumen,33.5731,-7.6184,Choix direct de la catégorie
2026-01-31 07:15:07,French,Equipements,Tram43,Casa Voyageurs,33.5898,-7.5898,Choix direct de la catégorie
2026-01-31 08:06:22,Arabic,Equipements,Tram40,Casa Voyageurs,33.5898,-7.5898,Choix direct de la catégorie
2026-01-31 08:11:22,English,Comportement indésirable,Tram29,Technopark,33.535,-7.6322,Choix direct de la catégorie
2026-01-31 08:37:01,French,Ponctualité et régularité,Tram24,Technopark,33.535,-7.6322,Choix direct de la catégorie
2026-01-31 08:40:42,Arabic,Spam,Tram43,Technopark,33.535,-7.6322,Choix direct de la catégorie
2026-01-31 08:41:56,Arabic,Ponctualité et régularité,Tram41,Casa Voyageurs,33.5898,-7.5898,Choix direct de la catégorie
2026-01-31 08:50:26,French,Comportement du personnel,Tram43,Casa Voyageurs,33.5898,-7.5898,Choix direct de la catégorie
2026-01-31 08:54:26,French,Ponctualité et régularité,Tram25,Abdelmoumen,33.5731,-7.6184,Choix direct de la catégorie
2026-01-31 09:03:02,Arabic,Comportement du personnel,Tram39,Casa Voyageurs,33.5898,-7.5898,Choix direct de la catégorie
2026-01-31 09:05:39,Arabic,Ponctualité et régularité,Tram12,Casa Voyageurs,33.5898,-7.5898,Choix direct de la catégorie
2026-01-31 09:06:56,French,Equipements,Tram45,Technopark,33.535,-7.6322,Choix direct de la catégorie
2026-01-31 09:14:57,Arabic,Informations voyageur,Tram26,Casa Voyageurs,33.5898,-7.5898,Choix direct de la catégorie
2026-01-31 09:26:54,French,Tarification,Tram03,Casa Voyageurs,33.5898,-7.5898,Choix direct de la catégorie
2026-01-31 13:53:08,French,Comportement du personnel,Tram25,Nations Unies,33.5956,-7.6186,Choix direct de la catégorie
2026-01-31 14:29:16,French,Ponctualité et régularité,Tram44,Abdelmoumen,33.5731,-7.6184,Choix direct de la catégorie
2026-01-31 14:35:23,Arabic,Ponctualité et régularité,Tram23,Technopark,33.535,-7.6322,Choix direct de la catégorie
2026-01-31 17:09:46,French,Tarification,Tram17,Technopark,33.535,-7.6322,Choix direct de la catégorie
2026-01-31 17:17:33,French,Informations voyageur,Tram38,Casa Voyageurs,33.5898,-7.5898,Choix direct de la catégorie
2026-01-31 18:18:17,Arabic,Comportement du personnel,Tram23,Casa Voyageurs,33.5898,-7.5898,Choix direct de la catégorie
2026-01-31 18:50:23,French,Spam,Tram21,Abdelmoumen,33.5731,-7.6184,Choix direct de la catégorie
2026-01-31 19:08:09,Arabic,Comportement indésirable,Tram44,Abdelmoumen,33.5731,-7.6184,Choix direct de la catégorie
2026-01-31 19:16:40,Arabic,Sécurité et sûreté,Tram17,Casa Voyageurs,33.5898,-7.5898,Choix direct de la catégorie
2026-01-31 19:24:44,Arabic,Tarification,Tram19,Nations Unies,33.5956,-7.6186,Choix direct de la catégorie
2026-02-01 06:23:43,English,Equipements,Tram40,Casa Voyageurs,33.5898,-7.5898,Choix direct de la catégorie
2026-02-01 06:37:09,Arabic,Comportement indésirable,Tram28,Casa Voyageurs,33.5898,-7.5898,Choix direct de la catégorie
2026-02-01 06:48:06,French,Informations voyageur,Tram36,Technopark,33.535,-7.6322,Choix direct de la catégorie
2026-02-01 06:58:21,Arabic,Comportement indésirable,Tram27,Casa Voyageurs,33.5898,-7.5898,Choix direct de la catégorie
2026-02-01 08:32:11,Arabic,Comportement indésirable,Tram38,Abdelmoumen,33.5731,-7.6184,Choix direct de la catégorie
2026-02-01 09:11:25,Arabic,Informations insuffisantes,Tram20,Technopark,33.535,-7.6322,Choix direct de la catégorie
2026-02-01 18:18:32,French,Sécurité et sûreté,Tram33,Technopark,33.535,-7.6322,Choix direct de la catégorie
2026-02-01 18:24:08,French,Sécurité et sûreté,Tram31,Abdelmoumen,33.5731,-7.6184,Choix direct de la catégorie
2026-02-01 18:52:08,French,Informations voyageur,Tram23,Casa Voyageurs,33.5898,-7.5898,Choix direct de la catégorie
2026-02-01 18:56:26,Arabic,Ponctualité et régularité,Tram18,Technopark,33.535,-7.6322,Choix direct de la catégorie
2026-02-01 19:13:13,French,Ponctualité et régularité,Tram43,Casa Voyageurs,33.5898,-7.5898,Choix direct de la catégorie
2026-02-01 19:18:24,French,Sécurité et sûreté,Tram34,Abdelmoumen,33.5731,-7.6184,Choix direct de la catégorie
2026-02-01 23:25:19,French,Spam,Tram26,Abdelmoumen,33.5731,-7.6184,Choix direct de la catégorie
2026-02-02 06:31:09,French,Equipements,Tram34,Abdelmoumen,33.5731,-7.6184,Choix direct de la catégorie
2026-02-02 06:32:49,Arabic,Equipements,Tram40,Abdelmoumen,33.5731,-7.6184,Choix direct de la catégorie
2026-02-02 06:59:27,French,Equipements,Tram13,Gare Casa Port,33.5992,-7.6125,Choix direct de la catégorie
2026-02-02 07:13:11,French,Tarification,Tram21,Nations Unies,33.5956,-7.6186,Choix direct de la catégorie
2026-02-02 07:24:33,Arabic,Informations insuffisantes,Tram45,Abdelmoumen,33.5731,-7.6184,Choix direct de la catégorie
2026-02-02 07:43:47,French,Informations voyageur,Tram07,Casa Voyageurs,33.5898,-7.5898,Choix direct de la catégorie
2026-02-02 08:22:30,Arabic,Equipements,Tram31,Nations Unies,33.5956,-7.6186,Choix direct de la catégorie
2026-02-02 08:35:28,French,Comportement du personnel,Tram09,Casa Voyageurs,33.5898,-7.5898,Choix direct de la catégorie
2026-02-02 08:36:01,French,Comportement du personnel,Tram41,Casa Voyageurs,33.5898,-7.5898,Choix direct de la catégorie
2026-02-02 08:47:47,Arabic,Informations insuffisantes,Tram01,Casa Voyageurs,33.5898,-7.5898,Choix direct de la catégorie
2026-02-02 16:44:09,Arabic,Ponctualité et régularité,Tram16,Abdelmoumen,33.5731,-7.6184,Choix direct de la catégorie
2026-02-02 18:10:35,Arabic,Ponctualité et régularité,Tram23,Technopark,33.535,-7.6322,Choix direct de la catégorie
2026-02-02 18:28:51,French,Ponctualité et régularité,Tram43,Abdelmoumen,33.5731,-7.6184,Choix direct de la catégorie
2026-02-02 18:52:12,Arabic,Comportement indésirable,Tram32,Abdelmoumen,33.5731,-7.6184,Choix direct de la catégorie
2026-02-02 19:10:47,French,Comportement du personnel,Tram03,Casa Voyageurs,33.5898,-7.5898,Choix direct de la catégorie
2026-02-02 19:16:11,French,Ponctualité et régularité,Tram27,Technopark,33.535,-7.6322,Choix direct de la catégorie
2026-02-02 23:15:04,Arabic,Sécurité et sûreté,Tram32,Abdelmoumen,33.5731,-7.6184,Choix direct de la catégorie
2026-02-03 07:17:44,Arabic,Informations voyageur,Tram40,Abdelmoumen,33.5731,-7.6184,Choix direct de la catégorie
2026-02-03 07:41:50,French,Spam,Tram20,Abdelmoumen,33.5731,-7.6184,Choix direct de la catégorie
2026-02-03 07:58:48,French,Spam,Tram37,Gare Casa Port,33.5992,-7.6125,Choix direct de la catégorie
2026-02-03 08:18:51,Arabic,Informations voyageur,Tram10,Technopark,33.535,-7.6322,Choix direct de la catégorie
2026-02-03 08:29:53,French,Equipements,Tram20,Nations Unies,33.5956,-7.6186,Choix direct de la catégorie
2026-02-03 08:31:09,Arabic,Sécurité et sûreté,Tram01,Casa Voyageurs,33.5898,-7.5898,Choix direct de la catégorie
2026-02-03 09:14:12,French,Sécurité et sûreté,Tram37,Abdelmoumen,33.5731,-7.6184,Choix direct de la catégorie
2026-02-03 13:55:29,Arabic,Sécurité et sûreté,Tram43,Casa Voyageurs,33.5898,-7.5898,Choix direct de la catégorie
2026-02-03 17:18:58,Arabic,Tarification,Tram23,Technopark,33.535,-7.6322,Choix direct de la catégorie
2026-02-03 18:42:42,Arabic,Tarification,Tram15,Abdelmoumen,33.5731,-7.6184,Choix direct de la catégorie
2026-02-03 18:51:51,English,Comportement indésirable,Tram09,Technopark,33.535,-7.6322,Choix direct de la catégorie
2026-02-03 19:10:11,French,Ponctualité et régularité,Tram18,Abdelmoumen,33.5731,-7.6184,Choix direct de la catégorie
2026-02-04 06:26:32,French,Informations voyageur,Tram09,Casa Voyageurs,33.5898,-7.5898,Choix direct de la catégorie
2026-02-04 07:07:02,Arabic,Sécurité et sûreté,Tram04,Nations Unies,33.5956,-7.6186,Choix direct de la catégorie
2026-02-04 07:32:47,French,Equipements,Tram42,Technopark,33.535,-7.6322,Choix direct de la catégorie
2026-02-04 07:52:02,French,Comportement indésirable,Tram07,Abdelmoumen,33.5731,-7.6184,Choix direct de la catégorie
2026-02-04 08:07:44,English,Sécurité et sûreté,Tram41,Casa Voyageurs,33.5898,-7.5898,Choix direct de la catégorie
2026-02-04 08:17:09,French,Sécurité et sûreté,Tram22,Gare Casa Port,33.5992,-7.6125,Choix direct de la catégorie
2026-02-04 08:48:17,French,Equipements,Tram35,Abdelmoumen,33.5731,-7.6184,Choix direct de la catégorie
2026-02-04 08:55:05,French,Equipements,Tram01,Technopark,33.535,-7.6322,Choix direct de la catégorie
2026-02-04 09:43:37,French,Comportement du personnel,Tram16,Casa Voyageurs,33.5898,-7.5898,Choix direct de la catégorie
2026-02-04 16:59:31,French,Informations insuffisantes,Tram03,Nations Unies,33.5956,-7.6186,Choix direct de la catégorie
2026-02-04 17:22:26,English,Informations insuffisantes,Tram36,Casa Voyageurs,33.5898,-7.5898,Choix direct de la catégorie
2026-02-04 17:28:36,French,Informations insuffisantes,Tram27,Technopark,33.535,-7.6322,Choix direct de la catégorie
2026-02-04 19:11:57,French,Ponctualité et régularité,Tram17,Gare Casa Port,33.5992,-7.6125,Choix direct de la catégorie
2026-02-04 23:22:53,French,Equipements,Tram42,Abdelmoumen,33.5731,-7.6184,Choix direct de la catégorie
2026-02-05 06:05:24,French,Informations voyageur,Tram28,Technopark,33.535,-7.6322,Choix direct de la catégorie
2026-02-05 06:34:01,French,Tarification,Tram34,Nations Unies,33.5956,-7.6186,Choix direct de la catégorie
2026-02-05 06:54:18,French,Ponctualité et régularité,Tram23,Gare Casa Port,33.5992,-7.6125,Choix direct de la catégorie
2026-02-05 07:36:29,French,Sécurité et sûreté,Tram22,Abdelmoumen,33.5731,-7.6184,Choix direct de la catégorie
2026-02-05 08:03:14,French,Comportement indésirable,Tram40,Abdelmoumen,33.5731,-7.6184,Choix direct de la catégorie
2026-02-05 08:35:43,French,Informations voyageur,Tram37,Casa Voyageurs,33.5898,-7.5898,Choix direct de la catégorie
2026-02-05 08:48:06,Arabic,Informations insuffisantes,Tram09,Abdelmoumen,33.5731,-7.6184,Choix direct de la catégorie
2026-02-05 09:00:39,Arabic,Informations insuffisantes,Tram18,Gare Casa Port,33.5992,-7.6125,Choix direct de la catégorie
2026-02-05 09:02:19,French,Ponctualité et régularité,Tram15,Gare Casa Port,33.5992,-7.6125,Choix direct de la catégorie
2026-02-05 09:16:32,Arabic,Comportement indésirable,Tram12,Technopark,33.535,-7.6322,Choix direct de la catégorie
2026-02-05 14:46:38,Arabic,Sécurité et sûreté,Tram14,Abdelmoumen,33.5731,-7.6184,Choix direct de la catégorie
2026-02-05 16:47:44,Arabic,Tarification,Tram01,Casa Voyageurs,33.5898,-7.5898,Choix direct de la catégorie
2026-02-05 17:15:21,French,Tarification,Tram06,Abdelmoumen,33.5731,-7.6184,Choix direct de la catégorie
2026-02-05 17:41:33,French,Informations insuffisantes,Tram40,Abdelmoumen,33.5731,-7.6184,Choix direct de la catégorie
2026-02-05 18:07:28,French,Ponctualité et régularité,Tram12,Technopark,33.535,-7.6322,Choix direct de la catégorie
2026-02-05 19:19:38,Arabic,Informations insuffisantes,Tram28,Casa Voyageurs,33.5898,-7.5898,Choix direct de la catégorie
2026-02-05 20:46:06,Arabic,Equipements,Tram28,Nations Unies,33.5956,-7.6186,Choix direct de la catégorie
2026-02-05 23:05:12,French,Sécurité et sûreté,Tram27,Nations Unies,33.5956,-7.6186,Choix direct de la catégorie
2026-02-05 23:18:11,French,Informations voyageur,Tram04,Casa Voyageurs,33.5898,-7.5898,Choix direct de la catégorie
2026-02-06 07:32:14,French,Equipements,Tram26,Casa Voyageurs,33.5898,-7.5898,Choix direct de la catégorie
2026-02-06 07:37:53,Arabic,Informations insuffisantes,Tram40,Abdelmoumen,33.5731,-7.6184,Choix direct de la catégorie
2026-02-06 07:40:14,French,Equipements,Tram25,Abdelmoumen,33.5731,-7.6184,Choix direct de la catégorie
2026-02-06 07:50:43,Arabic,Informations voyageur,Tram05,Casa Voyageurs,33.5898,-7.5898,Choix direct de la catégorie
2026-02-06 08:00:33,Arabic,Informations insuffisantes,Tram20,Abdelmoumen,33.5731,-7.6184,Choix direct de la catégorie
2026-02-06 08:06:55,French,Comportement indésirable,Tram32,Abdelmoumen,33.5731,-7.6184,Choix direct de la catégorie
2026-02-06 08:25:11,Arabic,Spam,Tram19,Nations Unies,33.5956,-7.6186,Choix direct de la catégorie
2026-02-06 08:27:38,English,Equipements,Tram26,Technopark,33.535,-7.6322,Choix direct de la catégorie
2026-02-06 08:29:30,French,Informations voyageur,Tram33,Casa Voyageurs,33.5898,-7.5898,Choix direct de la catégorie
2026-02-06 08:55:07,French,Sécurité et sûreté,Tram41,Abdelmoumen,33.5731,-7.6184,Choix direct de la catégorie
2026-02-06 09:18:49,French,Spam,Tram29,Casa Voyageurs,33.5898,-7.5898,Choix direct de la catégorie
2026-02-06 09:38:17,French,Ponctualité et régularité,Tram12,Abdelmoumen,33.5731,-7.6184,Choix direct de la catégorie
2026-02-06 16:09:20,French,Comportement indésirable,Tram30,Gare Casa Port,33.5992,-7.6125,Choix direct de la catégorie
2026-02-06 16:23:04,French,Equipements,Tram29,Technopark,33.535,-7.6322,Choix direct de la catégorie
2026-02-06 17:27:49,Arabic,Sécurité et sûreté,Tram16,Nations Unies,33.5956,-7.6186,Choix direct de la catégorie
2026-02-06 17:59:31,English,Informations insuffisantes,Tram08,Abdelmoumen,33.5731,-7.6184,Choix direct de la catégorie
2026-02-06 18:03:15,Arabic,Spam,Tram16,Casa Voyageurs,33.5898,-7.5898,Choix direct de la catégorie
2026-02-06 18:09:39,French,Comportement indésirable,Tram45,Abdelmoumen,33.5731,-7.6184,Choix direct de la catégorie
2026-02-06 18:15:00,Arabic,Ponctualité et régularité,Tram01,Technopark,33.535,-7.6322,Choix direct de la catégorie
2026-02-06 18:27:42,French,Equipements,Tram11,Casa Voyageurs,33.5898,-7.5898,Choix direct de la catégorie
2026-02-06 19:14:35,French,Comportement indésirable,Tram11,Abdelmoumen,33.5731,-7.6184,Choix direct de la catégorie
2026-02-06 20:48:01,Arabic,Comportement indésirable,Tram31,Nations Unies,33.5956,-7.6186,Choix direct de la catégorie
2026-02-06 21:02:34,French,Informations voyageur,Tram14,Abdelmoumen,33.5731,-7.6184,Choix direct de la catégorie
2026-02-06 21:39:02,French,Equipements,Tram15,Nations Unies,33.5956,-7.6186,Choix direct de la catégorie
2026-02-07 06:55:08,Arabic,Informations voyageur,Tram27,Abdelmoumen,33.5731,-7.6184,Choix direct de la catégorie
2026-02-07 07:21:17,French,Spam,Tram44,Casa Voyageurs,33.5898,-7.5898,Choix direct de la catégorie
2026-02-07 07:44:09,French,Ponctualité et régularité,Tram21,Abdelmoumen,33.5731,-7.6184,Choix direct de la catégorie
2026-02-07 07:45:37,French,Informations insuffisantes,Tram36,Abdelmoumen,33.5731,-7.6184,Choix direct de la catégorie
2026-02-07 07:53:25,French,Comportement indésirable,Tram30,Nations Unies,33.5956,-7.6186,Choix direct de la catégorie
2026-02-07 08:09:31,Arabic,Sécurité et sûreté,Tram07,Nations Unies,33.5956,-7.6186,Choix direct de la catégorie
2026-02-07 08:17:49,French,Equipements,Tram24,Abdelmoumen,33.5731,-7.6184,Choix direct de la catégorie
2026-02-07 08:30:57,French,Informations voyageur,Tram02,Technopark,33.535,-7.6322,Choix direct de la catégorie
2026-02-07 09:23:19,French,Sécurité et sûreté,Tram35,Nations Unies,33.5956,-7.6186,Choix direct de la catégorie
2026-02-07 15:44:42,French,Tarification,Tram26,Abdelmoumen,33.5731,-7.6184,Choix direct de la catégorie
2026-02-07 17:07:48,Arabic,Informations insuffisantes,Tram33,Casa Voyageurs,33.5898,-7.5898,Choix direct de la catégorie
2026-02-07 17:14:43,French,Ponctualité et régularité,Tram18,Gare Casa Port,33.5992,-7.6125,Choix direct de la catégorie
2026-02-07 17:24:49,French,Tarification,Tram22,Casa Voyageurs,33.5898,-7.5898,Choix direct de la catégorie
2026-02-07 17:39:49,Arabic,Ponctualité et régularité,Tram12,Abdelmoumen,33.5731,-7.6184,Choix direct de la catégorie
2026-02-07 17:53:35,Arabic,Informations insuffisantes,Tram21,Technopark,33.535,-7.6322,Choix direct de la catégorie
2026-02-07 18:28:09,French,Spam,Tram28,Abdelmoumen,33.5731,-7.6184,Choix direct de la catégorie
2026-02-07 18:28:33,English,Spam,Tram44,Technopark,33.535,-7.6322,Choix direct de la catégorie
2026-02-07 18:30:58,Arabic,Equipements,Tram03,Casa Voyageurs,33.5898,-7.5898,Choix direct de la catégorie
2026-02-07 19:20:29,Arabic,Informations voyageur,Tram27,Abdelmoumen,33.5731,-7.6184,Choix direct de la catégorie
2026-02-07 19:29:32,Arabic,Equipements,Tram45,Casa Voyageurs,33.5898,-7.5898,Choix direct de la catégorie
2026-02-07 19:34:30,French,Equipements,Tram26,Casa Voyageurs,33.5898,-7.5898,Choix direct de la catégorie
2026-02-08 06:17:13,French,Equipements,Tram35,Technopark,33.535,-7.6322,Choix direct de la catégorie
2026-02-08 06:23:46,French,Spam,Tram17,Gare Casa Port,33.5992,-7.6125,Choix direct de la catégorie
2026-02-08 06:30:15,Arabic,Informations voyageur,Tram26,Abdelmoumen,33.5731,-7.6184,Choix direct de la catégorie
2026-02-08 07:53:26,Arabic,Comportement indésirable,Tram30,Abdelmoumen,33.5731,-7.6184,Choix direct de la catégorie
2026-02-08 08:09:40,French,Equipements,Tram10,Gare Casa Port,33.5992,-7.6125,Choix direct de la catégorie
2026-02-08 08:22:58,French,Equipements,Tram21,Technopark,33.535,-7.6322,Choix direct de la catégorie
2026-02-08 08:33:29,French,Spam,Tram06,Abdelmoumen,33.5731,-7.6184,Choix direct de la catégorie
2026-02-08 08:49:32,French,Sécurité et sûreté,Tram31,Nations Unies,33.5956,-7.6186,Choix direct de la catégorie
2026-02-08 08:49:36,Arabic,Comportement indésirable,Tram22,Technopark,33.535,-7.6322,Choix direct de la catégorie
2026-02-08 08:54:22,Arabic,Informations insuffisantes,Tram23,Casa Voyageurs,33.5898,-7.5898,Choix direct de la catégorie
2026-02-08 08:57:54,Arabic,Informations insuffisantes,Tram21,Abdelmoumen,33.5731,-7.6184,Choix direct de la catégorie
2026-02-08 09:18:04,French,Sécurité et sûreté,Tram19,Abdelmoumen,33.5731,-7.6184,Choix direct de la catégorie
2026-02-08 09:27:22,French,Tarification,Tram30,Abdelmoumen,33.5731,-7.6184,Choix direct de la catégorie
2026-02-08 09:45:02,French,Informations insuffisantes,Tram19,Casa Voyageurs,33.5898,-7.5898,Choix direct de la catégorie
2026-02-08 17:22:08,English,Sécurité et sûreté,Tram42,Technopark,33.535,-7.6322,Choix direct de la catégorie
2026-02-08 17:49:19,English,Comportement du personnel,Tram13,Technopark,33.535,-7.6322,Choix direct de la catégorie
2026-02-08 19:10:19,French,Spam,Tram29,Technopark,33.535,-7.6322,Choix direct de la catégorie
2026-02-08 21:23:53,English,Comportement indésirable,Tram31,Technopark,33.535,-7.6322,Choix direct de la catégorie
2026-02-09 07:05:56,Arabic,Tarification,Tram03,Technopark,33.535,-7.6322,Choix direct de la catégorie
2026-02-09 08:37:22,French,Comportement du personnel,Tram26,Abdelmoumen,33.5731,-7.6184,Choix direct de la catégorie
2026-02-09 08:45:23,French,Informations voyageur,Tram25,Technopark,33.535,-7.6322,Choix direct de la catégorie
2026-02-09 10:05:46,Arabic,Ponctualité et régularité,Tram32,Gare Casa Port,33.5992,-7.6125,Choix direct de la catégorie
2026-02-09 15:04:27,Arabic,Sécurité et sûreté,Tram43,Abdelmoumen,33.5731,-7.6184,Choix direct de la catégorie
2026-02-09 18:45:47,French,Spam,Tram25,Nations Unies,33.5956,-7.6186,Choix direct de la catégorie
2026-02-09 19:03:46,English,Ponctualité et régularité,Tram08,Technopark,33.535,-7.6322,Choix direct de la catégorie
2026-02-09 19:59:02,French,Informations voyageur,Tram04,Casa Voyageurs,33.5898,-7.5898,Choix direct de la catégorie
2026-02-10 07:25:52,Arabic,Comportement du personnel,Tram43,Casa Voyageurs,33.5898,-7.5898,Choix direct de la catégorie
2026-02-10 07:45:06,Arabic,Comportement indésirable,Tram27,Abdelmoumen,33.5731,-7.6184,Choix direct de la catégorie
2026-02-10 07:58:36,French,Ponctualité et régularité,Tram02,Gare Casa Port,33.5992,-7.6125,Choix direct de la catégorie
2026-02-10 08:07:08,Arabic,Informations voyageur,Tram38,Abdelmoumen,33.5731,-7.6184,Choix direct de la catégorie
2026-02-10 08:15:30,French,Informations insuffisantes,Tram28,Technopark,33.535,-7.6322,Choix direct de la catégorie
2026-02-10 08:21:22,French,Comportement du personnel,Tram04,Technopark,33.535,-7.6322,Choix direct de la catégorie
2026-02-10 08:44:49,French,Sécurité et sûreté,Tram26,Casa Voyageurs,33.5898,-7.5898,Choix direct de la catégorie
2026-02-10 08:53:02,Arabic,Tarification,Tram42,Casa Voyageurs,33.5898,-7.5898,Choix direct de la catégorie
2026-02-10 09:09:28,French,Spam,Tram33,Abdelmoumen,33.5731,-7.6184,Choix direct de la catégorie
2026-02-10 11:32:34,French,Comportement indésirable,Tram28,Abdelmoumen,33.5731,-7.6184,Choix direct de la catégorie
2026-02-10 17:59:00,French,Informations insuffisantes,Tram24,Technopark,33.535,-7.6322,Choix direct de la catégorie
2026-02-10 18:23:54,French,Informations insuffisantes,Tram06,Casa Voyageurs,33.5898,-7.5898,Choix direct de la catégorie
2026-02-10 18:24:53,French,Equipements,Tram31,Technopark,33.535,-7.6322,Choix direct de la catégorie
2026-02-10 18:34:01,French,Spam,Tram26,Abdelmoumen,33.5731,-7.6184,Choix direct de la catégorie
2026-02-10 19:03:36,French,Tarification,Tram09,Casa Voyageurs,33.5898,-7.5898,Choix direct de la catégorie
2026-02-10 20:18:38,French,Ponctualité et régularité,Tram23,Abdelmoumen,33.5731,-7.6184,Choix direct de la catégorie
2026-02-11 06:05:39,French,Tarification,Tram27,Casa Voyageurs,33.5898,-7.5898,Choix direct de la catégorie
2026-02-11 07:29:58,French,Equipements,Tram35,Abdelmoumen,33.5731,-7.6184,Choix direct de la catégorie
2026-02-11 07:50:16,French,Spam,Tram31,Casa Voyageurs,33.5898,-7.5898,Choix direct de la catégorie
2026-02-11 08:21:36,French,Sécurité et sûreté,Tram22,Abdelmoumen,33.5731,-7.6184,Choix direct de la catégorie
2026-02-11 09:27:30,French,Spam,Tram43,Abdelmoumen,33.5731,-7.6184,Choix direct de la catégorie
2026-02-11 17:18:14,Arabic,Informations voyageur,Tram21,Technopark,33.535,-7.6322,Choix direct de la catégorie
2026-02-11 18:34:51,Arabic,Equipements,Tram13,Gare Casa Port,33.5992,-7.6125,Choix direct de la catégorie
2026-02-11 18:37:49,French,Sécurité et sûreté,Tram45,Casa Voyageurs,33.5898,-7.5898,Choix direct de la catégorie
2026-02-11 18:53:41,Arabic,Informations insuffisantes,Tram37,Casa Voyageurs,33.5898,-7.5898,Choix direct de la catégorie
2026-02-11 19:07:52,Arabic,Spam,Tram05,Technopark,33.535,-7.6322,Choix direct de la catégorie
2026-02-11 19:30:31,French,Informations voyageur,Tram07,Casa Voyageurs,33.5898,-7.5898,Choix direct de la catégorie
2026-02-11 19:40:48,French,Comportement du personnel,Tram45,Casa Voyageurs,33.5898,-7.5898,Choix direct de la catégorie
2026-02-12 06:00:34,French,Equipements,Tram41,Nations Unies,33.5956,-7.6186,Choix direct de la catégorie
2026-02-12 07:45:23,French,Informations insuffisantes,Tram44,Casa Voyageurs,33.5898,-7.5898,Choix direct de la catégorie
2026-02-12 08:02:54,French,Ponctualité et régularité,Tram13,Technopark,33.535,-7.6322,Choix direct de la catégorie
2026-02-12 08:05:57,Arabic,Informations insuffisantes,Tram18,Casa Voyageurs,33.5898,-7.5898,Choix direct de la catégorie
2026-02-12 08:07:20,French,Equipements,Tram27,Casa Voyageurs,33.5898,-7.5898,Choix direct de la catégorie
2026-02-12 08:18:07,English,Spam,Tram33,Abdelmoumen,33.5731,-7.6184,Choix direct de la catégorie
2026-02-12 08:58:29,French,Comportement du personnel,Tram43,Gare Casa Port,33.5992,-7.6125,Choix direct de la catégorie
2026-02-12 13:13:10,French,Comportement du personnel,Tram40,Nations Unies,33.5956,-7.6186,Choix direct de la catégorie
2026-02-12 13:46:36,French,Comportement indésirable,Tram02,Casa Voyageurs,33.5898,-7.5898,Choix direct de la catégorie
2026-02-12 17:41:40,French,Informations voyageur,Tram15,Abdelmoumen,33.5731,-7.6184,Choix direct de la catégorie
2026-02-12 17:53:00,French,Spam,Tram10,Abdelmoumen,33.5731,-7.6184,Choix direct de la catégorie
2026-02-12 19:00:39,English,Informations insuffisantes,Tram13,Casa Voyageurs,33.5898,-7.5898,Choix direct de la catégorie
2026-02-12 19:01:32,French,Sécurité et sûreté,Tram44,Nations Unies,33.5956,-7.6186,Choix direct de la catégorie
2026-02-13 06:41:48,French,Informations voyageur,Tram27,Casa Voyageurs,33.5898,-7.5898,Choix direct de la catégorie
2026-02-13 07:42:41,French,Sécurité et sûreté,Tram25,Nations Unies,33.5956,-7.6186,Choix direct de la catégorie
2026-02-13 08:11:55,French,Tarification,Tram40,Abdelmoumen,33.5731,-7.6184,Choix direct de la catégorie
2026-02-13 08:48:00,French,Comportement du personnel,Tram09,Abdelmoumen,33.5731,-7.6184,Choix direct de la catégorie
2026-02-13 08:50:36,French,Tarification,Tram36,Abdelmoumen,33.5731,-7.6184,Choix direct de la catégorie
2026-02-13 08:54:57,French,Tarification,Tram13,Technopark,33.535,-7.6322,Choix direct de la catégorie
2026-02-13 09:12:29,French,Comportement du personnel,Tram33,Abdelmoumen,33.5731,-7.6184,Choix direct de la catégorie
2026-02-13 09:29:08,French,Tarification,Tram01,Casa Voyageurs,33.5898,-7.5898,Choix direct de la catégorie
2026-02-13 10:38:25,Arabic,Tarification,Tram44,Technopark,33.535,-7.6322,Choix direct de la catégorie
2026-02-13 15:49:03,French,Equipements,Tram03,Casa Voyageurs,33.5898,-7.5898,Choix direct de la catégorie
2026-02-13 17:03:04,Arabic,Comportement indésirable,Tram45,Technopark,33.535,-7.6322,Choix direct de la catégorie
2026-02-13 17:15:47,French,Comportement indésirable,Tram17,Abdelmoumen,33.5731,-7.6184,Choix direct de la catégorie
2026-02-13 18:20:17,Arabic,Informations voyageur,Tram44,Abdelmoumen,33.5731,-7.6184,Choix direct de la catégorie
2026-02-13 18:27:26,French,Informations voyageur,Tram24,Nations Unies,33.5956,-7.6186,Choix direct de la catégorie
2026-02-13 18:53:02,Arabic,Spam,Tram30,Casa Voyageurs,33.5898,-7.5898,Choix direct de la catégorie
2026-02-13 19:05:14,French,Equipements,Tram09,Casa Voyageurs,33.5898,-7.5898,Choix direct de la catégorie
2026-02-13 19:22:31,Arabic,Informations insuffisantes,Tram30,Abdelmoumen,33.5731,-7.6184,Choix direct de la catégorie
2026-02-13 22:33:02,French,Equipements,Tram29,Gare Casa Port,33.5992,-7.6125,Choix direct de la catégorie
2026-02-14 06:08:10,French,Equipements,Tram18,Abdelmoumen,33.5731,-7.6184,Choix direct de la catégorie
2026-02-14 06:12:15,French,Spam,Tram16,Casa Voyageurs,33.5898,-7.5898,Choix direct de la catégorie
2026-02-14 06:58:02,French,Informations voyageur,Tram13,Casa Voyageurs,33.5898,-7.5898,Choix direct de la catégorie
2026-02-14 07:26:25,French,Comportement indésirable,Tram09,Abdelmoumen,33.5731,-7.6184,Choix direct de la catégorie
2026-02-14 08:07:37,French,Equipements,Tram15,Technopark,33.535,-7.6322,Choix direct de la catégorie
2026-02-14 08:35:40,French,Spam,Tram42,Casa Voyageurs,33.5898,-7.5898,Choix direct de la catégorie
2026-02-14 08:47:54,Arabic,Informations insuffisantes,Tram34,Gare Casa Port,33.5992,-7.6125,Choix direct de la catégorie
2026-02-14 09:17:12,French,Ponctualité et régularité,Tram44,Abdelmoumen,33.5731,-7.6184,Choix direct de la catégorie
2026-02-14 17:49:22,French,Spam,Tram43,Abdelmoumen,33.5731,-7.6184,Choix direct de la catégorie
2026-02-14 18:12:33,Arabic,Informations insuffisantes,Tram14,Abdelmoumen,33.5731,-7.6184,Choix direct de la catégorie
2026-02-14 19:18:08,French,Informations insuffisantes,Tram01,Nations Unies,33.5956,-7.6186,Choix direct de la catégorie
2026-02-14 19:29:08,French,Tarification,Tram02,Abdelmoumen,33.5731,-7.6184,Choix direct de la catégorie
2026-02-15 06:41:50,French,Equipements,Tram34,Technopark,33.535,-7.6322,Choix direct de la catégorie
2026-02-15 06:42:46,Arabic,Comportement du personnel,Tram21,Casa Voyageurs,33.5898,-7.5898,Choix direct de la catégorie
2026-02-15 07:01:08,Arabic,Ponctualité et régularité,Tram18,Gare Casa Port,33.5992,-7.6125,Choix direct de la catégorie
2026-02-15 07:37:51,Arabic,Comportement du personnel,Tram20,Technopark,33.535,-7.6322,Choix direct de la catégorie
2026-02-15 07:42:00,French,Spam,Tram25,Technopark,33.535,-7.6322,Choix direct de la catégorie
2026-02-15 08:11:59,Arabic,Tarification,Tram44,Technopark,33.535,-7.6322,Choix direct de la catégorie
2026-02-15 09:07:58,French,Informations insuffisantes,Tram40,Casa Voyageurs,33.5898,-7.5898,Choix direct de la catégorie
2026-02-15 09:12:07,Arabic,Comportement indésirable,Tram11,Casa Voyageurs,33.5898,-7.5898,Choix direct de la catégorie
2026-02-15 09:27:18,Arabic,Ponctualité et régularité,Tram30,Nations Unies,33.5956,-7.6186,Choix direct de la catégorie
2026-02-15 09:28:03,French,Equipements,Tram27,Abdelmoumen,33.5731,-7.6184,Choix direct de la catégorie
2026-02-15 10:03:03,Arabic,Informations voyageur,Tram41,Technopark,33.535,-7.6322,Choix direct de la catégorie
2026-02-15 13:18:27,French,Tarification,Tram34,Casa Voyageurs,33.5898,-7.5898,Choix direct de la catégorie
2026-02-15 13:46:31,Arabic,Comportement indésirable,Tram35,Technopark,33.535,-7.6322,Choix direct de la catégorie
2026-02-15 17:32:18,French,Equipements,Tram16,Abdelmoumen,33.5731,-7.6184,Choix direct de la catégorie
2026-02-15 17:56:57,Arabic,Spam,Tram15,Nations Unies,33.5956,-7.6186,Choix direct de la catégorie
2026-02-15 18:03:45,French,Informations voyageur,Tram12,Technopark,33.535,-7.6322,Choix direct de la catégorie
2026-02-15 18:11:09,French,Equipements,Tram36,Casa Voyageurs,33.5898,-7.5898,Choix direct de la catégorie
2026-02-15 18:11:38,French,Comportement indésirable,Tram44,Casa Voyageurs,33.5898,-7.5898,Choix direct de la catégorie
2026-02-15 18:46:40,French,Spam,Tram25,Abdelmoumen,33.5731,-7.6184,Choix direct de la catégorie
2026-02-15 18:48:26,French,Spam,Tram10,Casa Voyageurs,33.5898,-7.5898,Choix direct de la catégorie
2026-02-15 18:52:31,Arabic,Ponctualité et régularité,Tram12,Abdelmoumen,33.5731,-7.6184,Choix direct de la catégorie
2026-02-15 20:49:50,Arabic,Sécurité et sûreté,Tram19,Abdelmoumen,33.5731,-7.6184,Choix direct de la catégorie
2026-02-15 22:01:13,French,Informations insuffisantes,Tram30,Abdelmoumen,33.5731,-7.6184,Choix direct de la catégorie
2026-02-15 22:25:40,Arabic,Informations insuffisantes,Tram01,Casa Voyageurs,33.5898,-7.5898,Choix direct de la catégorie
2026-02-16 07:31:18,Arabic,Equipements,Tram19,Abdelmoumen,33.5731,-7.6184,Choix direct de la catégorie
2026-02-16 07:31:27,French,Informations voyageur,Tram39,Casa Voyageurs,33.5898,-7.5898,Choix direct de la catégorie
2026-02-16 07:33:44,French,Comportement indésirable,Tram25,Casa Voyageurs,33.5898,-7.5898,Choix direct de la catégorie
2026-02-16 07:43:19,French,Tarification,Tram21,Casa Voyageurs,33.5898,-7.5898,Choix direct de la catégorie
2026-02-16 07:55:56,French,Spam,Tram11,Abdelmoumen,33.5731,-7.6184,Choix direct de la catégorie
2026-02-16 08:02:45,French,Spam,Tram39,Casa Voyageurs,33.5898,-7.5898,Choix direct de la catégorie
2026-02-16 08:32:51,French,Informations voyageur,Tram45,Casa Voyageurs,33.5898,-7.5898,Choix direct de la catégorie
2026-02-16 08:38:24,French,Ponctualité et régularité,Tram09,Technopark,33.535,-7.6322,Choix direct de la catégorie
2026-02-16 08:39:15,French,Comportement indésirable,Tram15,Casa Voyageurs,33.5898,-7.5898,Choix direct de la catégorie
2026-02-16 08:45:20,Arabic,Informations voyageur,Tram25,Technopark,33.535,-7.6322,Choix direct de la catégorie
2026-02-16 09:14:00,French,Ponctualité et régularité,Tram10,Nations Unies,33.5956,-7.6186,Choix direct de la catégorie
2026-02-16 09:27:46,French,Comportement indésirable,Tram31,Abdelmoumen,33.5731,-7.6184,Choix direct de la catégorie
2026-02-16 14:59:46,Arabic,Spam,Tram08,Technopark,33.535,-7.6322,Choix direct de la catégorie
2026-02-16 15:24:10,Arabic,Comportement du personnel,Tram43,Casa Voyageurs,33.5898,-7.5898,Choix direct de la catégorie
2026-02-16 17:03:28,Arabic,Comportement du personnel,Tram29,Abdelmoumen,33.5731,-7.6184,Choix direct de la catégorie
2026-02-16 19:16:38,English,Informations voyageur,Tram24,Technopark,33.535,-7.6322,Choix direct de la catégorie
2026-02-16 19:58:21,French,Informations insuffisantes,Tram45,Technopark,33.535,-7.6322,Choix direct de la catégorie
2026-02-17 06:35:06,French,Comportement indésirable,Tram35,Casa Voyageurs,33.5898,-7.5898,Choix direct de la catégorie
2026-02-17 07:57:40,French,Comportement indésirable,Tram39,Nations Unies,33.5956,-7.6186,Choix direct de la catégorie
2026-02-17 08:37:40,French,Spam,Tram12,Technopark,33.535,-7.6322,Choix direct de la catégorie
2026-02-17 09:04:37,Arabic,Tarification,Tram13,Casa Voyageurs,33.5898,-7.5898,Choix direct de la catégorie
2026-02-17 17:19:29,French,Spam,Tram36,Technopark,33.535,-7.6322,Choix direct de la catégorie
2026-02-17 17:53:42,French,Comportement du personnel,Tram38,Gare Casa Port,33.5992,-7.6125,Choix direct de la catégorie
2026-02-17 18:32:28,French,Informations voyageur,Tram34,Casa Voyageurs,33.5898,-7.5898,Choix direct de la catégorie
2026-02-17 19:00:01,Arabic,Tarification,Tram40,Abdelmoumen,33.5731,-7.6184,Choix direct de la catégorie
2026-02-17 19:11:35,French,Equipements,Tram10,Abdelmoumen,33.5731,-7.6184,Choix direct de la catégorie
2026-02-17 19:17:27,Arabic,Informations insuffisantes,Tram26,Technopark,33.535,-7.6322,Choix direct de la catégorie
2026-02-17 19:25:02,French,Informations voyageur,Tram21,Abdelmoumen,33.5731,-7.6184,Choix direct de la catégorie
2026-02-17 19:42:14,French,Equipements,Tram40,Abdelmoumen,33.5731,-7.6184,Choix direct de la catégorie
2026-02-17 19:52:24,French,Comportement du personnel,Tram09,Abdelmoumen,33.5731,-7.6184,Choix direct de la catégorie
2026-02-17 21:13:51,French,Tarification,Tram41,Casa Voyageurs,33.5898,-7.5898,Choix direct de la catégorie
2026-02-18 06:51:15,French,Informations voyageur,Tram04,Abdelmoumen,33.5731,-7.6184,Choix direct de la catégorie
2026-02-18 07:04:28,English,Comportement indésirable,Tram03,Abdelmoumen,33.5731,-7.6184,Choix direct de la catégorie
2026-02-18 07:34:46,French,Informations voyageur,Tram27,Casa Voyageurs,33.5898,-7.5898,Choix direct de la catégorie
2026-02-18 08:10:58,French,Equipements,Tram41,Abdelmoumen,33.5731,-7.6184,Choix direct de la catégorie
2026-02-18 08:32:57,English,Comportement indésirable,Tram41,Casa Voyageurs,33.5898,-7.5898,Choix direct de la catégorie
2026-02-18 09:26:27,Arabic,Sécurité et sûreté,Tram10,Technopark,33.535,-7.6322,Choix direct de la catégorie
2026-02-18 09:29:46,French,Spam,Tram11,Technopark,33.535,-7.6322,Choix direct de la catégorie
2026-02-18 16:31:53,Arabic,Comportement du personnel,Tram44,Casa Voyageurs,33.5898,-7.5898,Choix direct de la catégorie
2026-02-18 17:08:18,French,Equipements,Tram34,Nations Unies,33.5956,-7.6186,Choix direct de la catégorie
2026-02-18 17:33:20,French,Spam,Tram05,Abdelmoumen,33.5731,-7.6184,Choix direct de la catégorie
2026-02-18 17:53:39,Arabic,Comportement du personnel,Tram07,Casa Voyageurs,33.5898,-7.5898,Choix direct de la catégorie
2026-02-18 18:19:28,Arabic,Sécurité et sûreté,Tram33,Casa Voyageurs,33.5898,-7.5898,Choix direct de la catégorie
2026-02-18 18:34:59,Arabic,Equipements,Tram06,Technopark,33.535,-7.6322,Choix direct de la catégorie
2026-02-18 19:17:49,French,Ponctualité et régularité,Tram40,Nations Unies,33.5956,-7.6186,Choix direct de la catégorie
2026-02-18 19:20:20,French,Tarification,Tram37,Casa Voyageurs,33.5898,-7.5898,Choix direct de la catégorie
2026-02-18 21:43:11,French,Spam,Tram02,Gare Casa Port,33.5992,-7.6125,Choix direct de la catégorie
2026-02-19 06:10:07,French,Informations voyageur,Tram03,Casa Voyageurs,33.5898,-7.5898,Choix direct de la catégorie
2026-02-19 06:15:00,French,Informations voyageur,Tram09,Abdelmoumen,33.5731,-7.6184,Choix direct de la catégorie
2026-02-19 06:29:22,Arabic,Informations insuffisantes,Tram42,Abdelmoumen,33.5731,-7.6184,Choix direct de la catégorie
2026-02-19 08:37:59,French,Sécurité et sûreté,Tram16,Abdelmoumen,33.5731,-7.6184,Choix direct de la catégorie
2026-02-19 08:43:19,Arabic,Ponctualité et régularité,Tram45,Nations Unies,33.5956,-7.6186,Choix direct de la catégorie
2026-02-19 08:45:02,French,Sécurité et sûreté,Tram19,Technopark,33.535,-7.6322,Choix direct de la catégorie
2026-02-19 09:01:38,French,Informations insuffisantes,Tram11,Abdelmoumen,33.5731,-7.6184,Choix direct de la catégorie
2026-02-19 09:07:58,French,Sécurité et sûreté,Tram28,Abdelmoumen,33.5731,-7.6184,Choix direct de la catégorie
2026-02-19 17:46:56,French,Equipements,Tram40,Technopark,33.535,-7.6322,Choix direct de la catégorie
2026-02-19 18:10:37,French,Tarification,Tram27,Nations Unies,33.5956,-7.6186,Choix direct de la catégorie
2026-02-19 18:14:54,Arabic,Comportement du personnel,Tram22,Casa Voyageurs,33.5898,-7.5898,Choix direct de la catégorie
2026-02-19 19:19:28,French,Comportement du personnel,Tram01,Casa Voyageurs,33.5898,-7.5898,Choix direct de la catégorie
2026-02-19 19:27:50,French,Informations voyageur,Tram04,Nations Unies,33.5956,-7.6186,Choix direct de la catégorie
2026-02-19 19:37:50,French,Comportement du personnel,Tram29,Casa Voyageurs,33.5898,-7.5898,Choix direct de la catégorie
2026-02-20 06:28:45,French,Equipements,Tram09,Gare Casa Port,33.5992,-7.6125,Choix direct de la catégorie
2026-02-20 07:38:02,English,Comportement indésirable,Tram37,Technopark,33.535,-7.6322,Choix direct de la catégorie
2026-02-20 07:40:44,Arabic,Ponctualité et régularité,Tram35,Abdelmoumen,33.5731,-7.6184,Choix direct de la catégorie
2026-02-20 07:52:06,Arabic,Sécurité et sûreté,Tram34,Abdelmoumen,33.5731,-7.6184,Choix direct de la catégorie
2026-02-20 08:28:00,French,Tarification,Tram29,Abdelmoumen,33.5731,-7.6184,Choix direct de la catégorie
2026-02-20 09:02:30,French,Informations voyageur,Tram09,Nations Unies,33.5956,-7.6186,Choix direct de la catégorie
2026-02-20 11:06:14,Arabic,Informations voyageur,Tram13,Nations Unies,33.5956,-7.6186,Choix direct de la catégorie
2026-02-20 14:26:33,Arabic,Spam,Tram43,Gare Casa Port,33.5992,-7.6125,Choix direct de la catégorie
2026-02-20 15:21:56,French,Sécurité et sûreté,Tram45,Technopark,33.535,-7.6322,Choix direct de la catégorie
2026-02-20 18:11:56,French,Sécurité et sûreté,Tram29,Technopark,33.535,-7.6322,Choix direct de la catégorie
2026-02-20 18:28:10,Arabic,Sécurité et sûreté,Tram04,Casa Voyageurs,33.5898,-7.5898,Choix direct de la catégorie
2026-02-20 18:50:42,French,Equipements,Tram15,Technopark,33.535,-7.6322,Choix direct de la catégorie
2026-02-21 07:02:31,French,Sécurité et sûreté,Tram34,Casa Voyageurs,33.5898,-7.5898,Choix direct de la catégorie
2026-02-21 07:26:27,Arabic,Tarification,Tram14,Abdelmoumen,33.5731,-7.6184,Choix direct de la catégorie
2026-02-21 07:37:36,Arabic,Informations voyageur,Tram17,Technopark,33.535,-7.6322,Choix direct de la catégorie
2026-02-21 07:44:04,Arabic,Ponctualité et régularité,Tram12,Technopark,33.535,-7.6322,Choix direct de la catégorie
2026-02-21 08:02:02,Arabic,Sécurité et sûreté,Tram21,Nations Unies,33.5956,-7.6186,Choix direct de la catégorie
2026-02-21 08:07:29,French,Informations voyageur,Tram13,Casa Voyageurs,33.5898,-7.5898,Choix direct de la catégorie
2026-02-21 08:16:57,French,Spam,Tram34,Abdelmoumen,33.5731,-7.6184,Choix direct de la catégorie
2026-02-21 08:30:22,French,Tarification,Tram39,Casa Voyageurs,33.5898,-7.5898,Choix direct de la catégorie
2026-02-21 09:05:30,French,Comportement indésirable,Tram18,Technopark,33.535,-7.6322,Choix direct de la catégorie
2026-02-21 09:18:59,French,Comportement du personnel,Tram04,Abdelmoumen,33.5731,-7.6184,Choix direct de la catégorie
2026-02-21 09:33:43,French,Informations voyageur,Tram33,Casa Voyageurs,33.5898,-7.5898,Choix direct de la catégorie
2026-02-21 12:46:23,French,Comportement indésirable,Tram29,Technopark,33.535,-7.6322,Choix direct de la catégorie
2026-02-21 17:02:30,French,Informations voyageur,Tram43,Casa Voyageurs,33.5898,-7.5898,Choix direct de la catégorie
2026-02-21 17:07:27,French,Informations voyageur,Tram14,Abdelmoumen,33.5731,-7.6184,Choix direct de la catégorie
2026-02-21 17:35:00,French,Comportement indésirable,Tram41,Abdelmoumen,33.5731,-7.6184,Choix direct de la catégorie
2026-02-21 17:54:01,French,Tarification,Tram15,Technopark,33.535,-7.6322,Choix direct de la catégorie
2026-02-21 18:00:48,French,Comportement indésirable,Tram29,Casa Voyageurs,33.5898,-7.5898,Choix direct de la catégorie
2026-02-21 19:17:41,Arabic,Comportement du personnel,Tram02,Abdelmoumen,33.5731,-7.6184,Choix direct de la catégorie
2026-02-21 21:00:39,French,Comportement indésirable,Tram01,Technopark,33.535,-7.6322,Choix direct de la catégorie
2026-02-21 21:51:41,Arabic,Spam,Tram04,Casa Voyageurs,33.5898,-7.5898,Choix direct de la catégorie
2026-02-22 06:31:22,French,Sécurité et sûreté,Tram42,Abdelmoumen,33.5731,-7.6184,Choix direct de la catégorie
2026-02-22 07:23:02,Arabic,Ponctualité et régularité,Tram31,Casa Voyageurs,33.5898,-7.5898,Choix direct de la catégorie
2026-02-22 08:02:56,Arabic,Sécurité et sûreté,Tram33,Nations Unies,33.5956,-7.6186,Choix direct de la catégorie
2026-02-22 08:37:04,French,Informations voyageur,Tram32,Abdelmoumen,33.5731,-7.6184,Choix direct de la catégorie
2026-02-22 08:39:34,French,Tarification,Tram40,Casa Voyageurs,33.5898,-7.5898,Choix direct de la catégorie
2026-02-22 08:42:40,Arabic,Comportement du personnel,Tram21,Abdelmoumen,33.5731,-7.6184,Choix direct de la catégorie
2026-02-22 08:56:02,French,Informations voyageur,Tram27,Abdelmoumen,33.5731,-7.6184,Choix direct de la catégorie
2026-02-22 09:08:30,French,Equipements,Tram14,Abdelmoumen,33.5731,-7.6184,Choix direct de la catégorie
2026-02-22 09:14:14,Arabic,Sécurité et sûreté,Tram10,Nations Unies,33.5956,-7.6186,Choix direct de la catégorie
2026-02-22 09:14:57,French,Informations insuffisantes,Tram01,Casa Voyageurs,33.5898,-7.5898,Choix direct de la catégorie
2026-02-22 09:18:59,French,Spam,Tram03,Gare Casa Port,33.5992,-7.6125,Choix direct de la catégorie
2026-02-22 11:45:20,French,Spam,Tram07,Casa Voyageurs,33.5898,-7.5898,Choix direct de la catégorie
2026-02-22 17:21:45,French,Tarification,Tram41,Technopark,33.535,-7.6322,Choix direct de la catégorie
2026-02-22 19:20:22,Arabic,Informations voyageur,Tram04,Technopark,33.535,-7.6322,Choix direct de la catégorie
2026-02-22 19:41:46,French,Equipements,Tram28,Abdelmoumen,33.5731,-7.6184,Choix direct de la catégorie
2026-02-22 22:22:33,Arabic,Equipements,Tram03,Abdelmoumen,33.5731,-7.6184,Choix direct de la catégorie
2026-02-22 22:39:22,Arabic,Tarification,Tram20,Casa Voyageurs,33.5898,-7.5898,Choix direct de la catégorie
2026-02-23 06:44:04,French,Comportement du personnel,Tram07,Abdelmoumen,33.5731,-7.6184,Choix direct de la catégorie
2026-02-23 08:45:01,Arabic,Ponctualité et régularité,Tram35,Casa Voyageurs,33.5898,-7.5898,Choix direct de la catégorie
2026-02-23 08:49:53,Arabic,Spam,Tram18,Abdelmoumen,33.5731,-7.6184,Choix direct de la catégorie
2026-02-23 09:19:29,French,Spam,Tram35,Abdelmoumen,33.5731,-7.6184,Choix direct de la catégorie
2026-02-23 09:19:56,French,Spam,Tram15,Technopark,33.535,-7.6322,Choix direct de la catégorie
2026-02-23 09:30:34,French,Informations voyageur,Tram07,Abdelmoumen,33.5731,-7.6184,Choix direct de la catégorie
2026-02-23 16:15:34,French,Informations insuffisantes,Tram07,Technopark,33.535,-7.6322,Choix direct de la catégorie
2026-02-23 18:12:32,Arabic,Informations voyageur,Tram44,Technopark,33.535,-7.6322,Choix direct de la catégorie
2026-02-23 18:44:10,French,Comportement du personnel,Tram15,Casa Voyageurs,33.5898,-7.5898,Choix direct de la catégorie
2026-02-23 20:48:55,French,Comportement du personnel,Tram30,Casa Voyageurs,33.5898,-7.5898,Choix direct de la catégorie
2026-02-23 21:29:17,French,Comportement indésirable,Tram03,Abdelmoumen,33.5731,-7.6184,Choix direct de la catégorie
2026-02-24 06:46:40,French,Sécurité et sûreté,Tram14,Casa Voyageurs,33.5898,-7.5898,Choix direct de la catégorie
2026-02-24 07:35:35,French,Tarification,Tram23,Abdelmoumen,33.5731,-7.6184,Choix direct de la catégorie
2026-02-24 07:43:42,French,Equipements,Tram22,Abdelmoumen,33.5731,-7.6184,Choix direct de la catégorie
2026-02-24 08:01:28,Arabic,Sécurité et sûreté,Tram41,Technopark,33.535,-7.6322,Choix direct de la catégorie
2026-02-24 08:45:41,French,Comportement indésirable,Tram34,Casa Voyageurs,33.5898,-7.5898,Choix direct de la catégorie
2026-02-24 08:57:09,French,Informations voyageur,Tram40,Casa Voyageurs,33.5898,-7.5898,Choix direct de la catégorie
2026-02-24 09:02:31,French,Spam,Tram41,Casa Voyageurs,33.5898,-7.5898,Choix direct de la catégorie
2026-02-24 09:27:22,French,Tarification,Tram22,Technopark,33.535,-7.6322,Choix direct de la catégorie
2026-02-24 11:21:19,French,Comportement indésirable,Tram03,Technopark,33.535,-7.6322,Choix direct de la catégorie
2026-02-24 17:12:19,Arabic,Comportement du personnel,Tram17,Technopark,33.535,-7.6322,Choix direct de la catégorie
2026-02-24 17:55:52,French,Comportement du personnel,Tram01,Abdelmoumen,33.5731,-7.6184,Choix direct de la catégorie
2026-02-24 18:36:12,French,Comportement du personnel,Tram34,Technopark,33.535,-7.6322,Choix direct de la catégorie
2026-02-24 18:58:19,French,Informations voyageur,Tram22,Gare Casa Port,33.5992,-7.6125,Choix direct de la catégorie
2026-02-24 21:53:07,French,Comportement indésirable,Tram15,Gare Casa Port,33.5992,-7.6125,Choix direct de la catégorie
2026-02-25 06:30:48,Arabic,Spam,Tram08,Technopark,33.535,-7.6322,Choix direct de la catégorie
2026-02-25 06:58:48,Arabic,Comportement indésirable,Tram03,Casa Voyageurs,33.5898,-7.5898,Choix direct de la catégorie
2026-02-25 07:41:28,French,Comportement du personnel,Tram24,Casa Voyageurs,33.5898,-7.5898,Choix direct de la catégorie
2026-02-25 08:40:41,French,Spam,Tram23,Casa Voyageurs,33.5898,-7.5898,Choix direct de la catégorie
2026-02-25 09:16:21,French,Equipements,Tram31,Abdelmoumen,33.5731,-7.6184,Choix direct de la catégorie
2026-02-25 09:30:40,English,Tarification,Tram32,Casa Voyageurs,33.5898,-7.5898,Choix direct de la catégorie
2026-02-25 13:35:00,French,Informations insuffisantes,Tram20,Gare Casa Port,33.5992,-7.6125,Choix direct de la catégorie
2026-02-25 14:39:08,English,Sécurité et sûreté,Tram21,Gare Casa Port,33.5992,-7.6125,Choix direct de la catégorie
2026-02-25 14:50:54,French,Ponctualité et régularité,Tram31,Abdelmoumen,33.5731,-7.6184,Choix direct de la catégorie
2026-02-25 18:02:23,French,Informations voyageur,Tram17,Technopark,33.535,-7.6322,Choix direct de la catégorie
2026-02-25 18:04:54,French,Informations voyageur,Tram11,Casa Voyageurs,33.5898,-7.5898,Choix direct de la catégorie
2026-02-25 19:06:57,English,Ponctualité et régularité,Tram19,Gare Casa Port,33.5992,-7.6125,Choix direct de la catégorie
2026-02-25 19:20:08,English,Sécurité et sûreté,Tram42,Nations Unies,33.5956,-7.6186,Choix direct de la catégorie
2026-02-25 19:25:41,Arabic,Comportement indésirable,Tram05,Nations Unies,33.5956,-7.6186,Choix direct de la catégorie
2026-02-25 21:56:44,French,Tarification,Tram11,Abdelmoumen,33.5731,-7.6184,Choix direct de la catégorie
2026-02-26 06:41:56,French,Informations insuffisantes,Tram38,Casa Voyageurs,33.5898,-7.5898,Choix direct de la catégorie
2026-02-26 06:55:31,Arabic,Tarification,Tram45,Casa Voyageurs,33.5898,-7.5898,Choix direct de la catégorie
2026-02-26 07:37:08,French,Tarification,Tram23,Technopark,33.535,-7.6322,Choix direct de la catégorie
2026-02-26 07:52:28,French,Equipements,Tram21,Abdelmoumen,33.5731,-7.6184,Choix direct de la catégorie
2026-02-26 08:28:43,French,Sécurité et sûreté,Tram35,Abdelmoumen,33.5731,-7.6184,Choix direct de la catégorie
2026-02-26 08:31:42,French,Sécurité et sûreté,Tram29,Nations Unies,33.5956,-7.6186,Choix direct de la catégorie
2026-02-26 09:12:39,Arabic,Tarification,Tram40,Gare Casa Port,33.5992,-7.6125,Choix direct de la catégorie
2026-02-26 09:26:38,French,Informations insuffisantes,Tram37,Casa Voyageurs,33.5898,-7.5898,Choix direct de la catégorie
2026-02-26 09:29:22,Arabic,Equipements,Tram20,Casa Voyageurs,33.5898,-7.5898,Choix direct de la catégorie
2026-02-26 10:53:32,French,Tarification,Tram28,Nations Unies,33.5956,-7.6186,Choix direct de la catégorie
2026-02-26 15:37:02,Arabic,Comportement indésirable,Tram21,Casa Voyageurs,33.5898,-7.5898,Choix direct de la catégorie
2026-02-26 17:07:23,Arabic,Comportement indésirable,Tram37,Casa Voyageurs,33.5898,-7.5898,Choix direct de la catégorie
2026-02-26 17:12:38,French,Equipements,Tram32,Gare Casa Port,33.5992,-7.6125,Choix direct de la catégorie
2026-02-26 17:44:12,French,Comportement indésirable,Tram07,Casa Voyageurs,33.5898,-7.5898,Choix direct de la catégorie
2026-02-26 17:46:05,Arabic,Comportement indésirable,Tram27,Gare Casa Port,33.5992,-7.6125,Choix direct de la catégorie
2026-02-26 18:22:18,Arabic,Informations voyageur,Tram18,Abdelmoumen,33.5731,-7.6184,Choix direct de la catégorie
2026-02-26 18:34:22,Arabic,Spam,Tram40,Gare Casa Port,33.5992,-7.6125,Choix direct de la catégorie
2026-02-26 18:57:40,Arabic,Tarification,Tram09,Nations Unies,33.5956,-7.6186,Choix direct de la catégorie
2026-02-26 19:02:14,French,Informations insuffisantes,Tram44,Nations Unies,33.5956,-7.6186,Choix direct de la catégorie
2026-02-26 21:07:14,French,Spam,Tram21,Nations Unies,33.5956,-7.6186,Choix direct de la catégorie
2026-02-26 21:12:38,French,Comportement indésirable,Tram07,Abdelmoumen,33.5731,-7.6184,Choix direct de la catégorie
2026-02-27 06:17:35,Arabic,Comportement du personnel,Tram01,Abdelmoumen,33.5731,-7.6184,Choix direct de la catégorie
2026-02-27 06:45:00,French,Informations insuffisantes,Tram37,Technopark,33.535,-7.6322,Choix direct de la catégorie
2026-02-27 07:41:47,Arabic,Equipements,Tram08,Technopark,33.535,-7.6322,Choix direct de la catégorie
2026-02-27 07:47:25,Arabic,Comportement du personnel,Tram22,Casa Voyageurs,33.5898,-7.5898,Choix direct de la catégorie
2026-02-27 07:55:00,Arabic,Comportement du personnel,Tram36,Technopark,33.535,-7.6322,Choix direct de la catégorie
2026-02-27 07:55:40,Arabic,Ponctualité et régularité,Tram27,Abdelmoumen,33.5731,-7.6184,Choix direct de la catégorie
2026-02-27 07:59:03,Arabic,Comportement indésirable,Tram03,Abdelmoumen,33.5731,-7.6184,Choix direct de la catégorie
2026-02-27 08:17:27,Arabic,Equipements,Tram31,Abdelmoumen,33.5731,-7.6184,Choix direct de la catégorie
2026-02-27 08:37:03,Arabic,Equipements,Tram19,Abdelmoumen,33.5731,-7.6184,Choix direct de la catégorie
2026-02-27 08:41:13,English,Spam,Tram26,Technopark,33.535,-7.6322,Choix direct de la catégorie
2026-02-27 08:54:43,French,Ponctualité et régularité,Tram45,Casa Voyageurs,33.5898,-7.5898,Choix direct de la catégorie
2026-02-27 08:58:41,Arabic,Tarification,Tram32,Abdelmoumen,33.5731,-7.6184,Choix direct de la catégorie
2026-02-27 08:59:23,French,Spam,Tram20,Casa Voyageurs,33.5898,-7.5898,Choix direct de la catégorie
2026-02-27 09:00:38,Arabic,Equipements,Tram19,Casa Voyageurs,33.5898,-7.5898,Choix direct de la catégorie
2026-02-27 09:06:40,French,Comportement du personnel,Tram09,Casa Voyageurs,33.5898,-7.5898,Choix direct de la catégorie
2026-02-27 09:08:46,French,Informations voyageur,Tram09,Casa Voyageurs,33.5898,-7.5898,Choix direct de la catégorie
2026-02-27 09:23:34,Arabic,Comportement du personnel,Tram26,Technopark,33.535,-7.6322,Choix direct de la catégorie
2026-02-27 14:18:22,French,Informations insuffisantes,Tram36,Nations Unies,33.5956,-7.6186,Choix direct de la catégorie
2026-02-27 17:28:21,Arabic,Informations voyageur,Tram13,Casa Voyageurs,33.5898,-7.5898,Choix direct de la catégorie
2026-02-27 18:42:31,Arabic,Comportement indésirable,Tram11,Abdelmoumen,33.5731,-7.6184,Choix direct de la catégorie
2026-02-27 18:50:27,French,Informations insuffisantes,Tram16,Gare Casa Port,33.5992,-7.6125,Choix direct de la catégorie
2026-02-27 18:52:13,English,Equipements,Tram08,Casa Voyageurs,33.5898,-7.5898,Choix direct de la catégorie
2026-02-28 06:49:46,Arabic,Ponctualité et régularité,Tram42,Nations Unies,33.5956,-7.6186,Choix direct de la catégorie
2026-02-28 07:35:03,French,Sécurité et sûreté,Tram29,Casa Voyageurs,33.5898,-7.5898,Choix direct de la catégorie
2026-02-28 08:43:52,French,Comportement du personnel,Tram20,Abdelmoumen,33.5731,-7.6184,Choix direct de la catégorie
2026-02-28 09:00:46,French,Comportement indésirable,Tram17,Technopark,33.535,-7.6322,Choix direct de la catégorie
2026-02-28 09:06:59,Arabic,Informations insuffisantes,Tram19,Technopark,33.535,-7.6322,Choix direct de la catégorie
2026-02-28 09:23:26,French,Informations insuffisantes,Tram11,Casa Voyageurs,33.5898,-7.5898,Choix direct de la catégorie
2026-02-28 09:27:22,French,Spam,Tram07,Casa Voyageurs,33.5898,-7.5898,Choix direct de la catégorie
2026-02-28 12:06:04,Arabic,Comportement du personnel,Tram11,Abdelmoumen,33.5731,-7.6184,Choix direct de la catégorie
2026-02-28 14:33:12,French,Informations voyageur,Tram24,Casa Voyageurs,33.5898,-7.5898,Choix direct de la catégorie
2026-02-28 14:47:19,French,Sécurité et sûreté,Tram19,Casa Voyageurs,33.5898,-7.5898,Choix direct de la catégorie
2026-02-28 15:14:16,English,Informations insuffisantes,Tram44,Gare Casa Port,33.5992,-7.6125,Choix direct de la catégorie
2026-02-28 17:02:16,French,Informations voyageur,Tram02,Abdelmoumen,33.5731,-7.6184,Choix direct de la catégorie
2026-02-28 17:02:59,French,Tarification,Tram38,Nations Unies,33.5956,-7.6186,Choix direct de la catégorie
2026-02-28 17:48:50,Arabic,Informations voyageur,Tram17,Abdelmoumen,33.5731,-7.6184,Choix direct de la catégorie
2026-02-28 19:29:49,French,Comportement du personnel,Tram32,Technopark,33.535,-7.6322,Choix direct de la catégorie
2026-03-01 06:38:07,Arabic,Equipements,Tram32,Casa Voyageurs,33.5898,-7.5898,Choix direct de la catégorie
2026-03-01 08:24:55,French,Informations voyageur,Tram39,Casa Voyageurs,33.5898,-7.5898,Choix direct de la catégorie
2026-03-01 09:22:05,Arabic,Equipements,Tram04,Casa Voyageurs,33.5898,-7.5898,Choix direct de la catégorie
2026-03-01 10:55:34,French,Comportement du personnel,Tram20,Abdelmoumen,33.5731,-7.6184,Choix direct de la catégorie
2026-03-01 12:38:04,French,Tarification,Tram10,Abdelmoumen,33.5731,-7.6184,Choix direct de la catégorie
2026-03-01 13:52:38,Arabic,Informations voyageur,Tram13,Gare Casa Port,33.5992,-7.6125,Choix direct de la catégorie
2026-03-01 14:03:03,French,Equipements,Tram01,Casa Voyageurs,33.5898,-7.5898,Choix direct de la catégorie
2026-03-01 17:04:38,French,Comportement du personnel,Tram42,Abdelmoumen,33.5731,-7.6184,Choix direct de la catégorie
2026-03-01 18:11:01,French,Comportement indésirable,Tram14,Abdelmoumen,33.5731,-7.6184,Choix direct de la catégorie
2026-03-01 19:30:37,English,Sécurité et sûreté,Tram01,Abdelmoumen,33.5731,-7.6184,Choix direct de la catégorie
2026-03-01 21:16:46,English,Sécurité et sûreté,Tram14,Nations Unies,33.5956,-7.6186,Choix direct de la catégorie
2026-03-01 21:21:50,Arabic,Sécurité et sûreté,Tram22,Abdelmoumen,33.5731,-7.6184,Choix direct de la catégorie
2026-03-02 08:04:14,French,Spam,Tram11,Abdelmoumen,33.5731,-7.6184,Choix direct de la catégorie
2026-03-02 08:06:04,English,Informations insuffisantes,Tram32,Technopark,33.535,-7.6322,Choix direct de la catégorie
2026-03-02 08:18:32,French,Informations insuffisantes,Tram24,Gare Casa Port,33.5992,-7.6125,Choix direct de la catégorie
2026-03-02 08:27:26,Arabic,Ponctualité et régularité,Tram39,Casa Voyageurs,33.5898,-7.5898,Choix direct de la catégorie
2026-03-02 08:38:25,French,Tarification,Tram36,Nations Unies,33.5956,-7.6186,Choix direct de la catégorie
2026-03-02 08:39:33,French,Tarification,Tram09,Technopark,33.535,-7.6322,Choix direct de la catégorie
2026-03-02 08:39:49,French,Informations insuffisantes,Tram42,Abdelmoumen,33.5731,-7.6184,Choix direct de la catégorie
2026-03-02 09:01:43,Arabic,Informations voyageur,Tram21,Abdelmoumen,33.5731,-7.6184,Choix direct de la catégorie
2026-03-02 09:06:00,French,Equipements,Tram22,Abdelmoumen,33.5731,-7.6184,Choix direct de la catégorie
2026-03-02 09:15:22,French,Sécurité et sûreté,Tram19,Casa Voyageurs,33.5898,-7.5898,Choix direct de la catégorie
2026-03-02 12:54:00,French,Equipements,Tram37,Abdelmoumen,33.5731,-7.6184,Choix direct de la catégorie
2026-03-02 17:45:28,French,Spam,Tram18,Abdelmoumen,33.5731,-7.6184,Choix direct de la catégorie
2026-03-02 18:36:35,French,Sécurité et sûreté,Tram05,Casa Voyageurs,33.5898,-7.5898,Choix direct de la catégorie
2026-03-02 19:14:10,Arabic,Comportement indésirable,Tram17,Gare Casa Port,33.5992,-7.6125,Choix direct de la catégorie
2026-03-03 06:02:12,French,Sécurité et sûreté,Tram14,Abdelmoumen,33.5731,-7.6184,Choix direct de la catégorie
2026-03-03 06:11:02,French,Equipements,Tram31,Technopark,33.535,-7.6322,Choix direct de la catégorie
2026-03-03 06:42:28,French,Comportement du personnel,Tram32,Abdelmoumen,33.5731,-7.6184,Choix direct de la catégorie
2026-03-03 08:32:58,Arabic,Ponctualité et régularité,Tram42,Technopark,33.535,-7.6322,Choix direct de la catégorie
2026-03-03 08:37:08,French,Equipements,Tram30,Nations Unies,33.5956,-7.6186,Choix direct de la catégorie
2026-03-03 08:40:30,Arabic,Informations insuffisantes,Tram29,Technopark,33.535,-7.6322,Choix direct de la catégorie
2026-03-03 08:58:08,French,Informations voyageur,Tram21,Casa Voyageurs,33.5898,-7.5898,Choix direct de la catégorie
2026-03-03 09:21:41,Arabic,Equipements,Tram06,Abdelmoumen,33.5731,-7.6184,Choix direct de la catégorie
2026-03-03 11:47:32,Arabic,Tarification,Tram14,Abdelmoumen,33.5731,-7.6184,Choix direct de la catégorie
2026-03-03 17:19:47,Arabic,Comportement indésirable,Tram35,Casa Voyageurs,33.5898,-7.5898,Choix direct de la catégorie
2026-03-03 17:24:18,Arabic,Equipements,Tram08,Gare Casa Port,33.5992,-7.6125,Choix direct de la catégorie
2026-03-03 17:24:23,Arabic,Spam,Tram25,Gare Casa Port,33.5992,-7.6125,Choix direct de la catégorie
2026-03-03 18:02:11,Arabic,Comportement du personnel,Tram08,Technopark,33.535,-7.6322,Choix direct de la catégorie
2026-03-03 18:02:40,French,Tarification,Tram17,Casa Voyageurs,33.5898,-7.5898,Choix direct de la catégorie
2026-03-03 18:15:58,Arabic,Sécurité et sûreté,Tram07,Casa Voyageurs,33.5898,-7.5898,Choix direct de la catégorie
2026-03-03 18:24:58,Arabic,Informations voyageur,Tram18,Abdelmoumen,33.5731,-7.6184,Choix direct de la catégorie
2026-03-03 19:10:27,Arabic,Ponctualité et régularité,Tram27,Abdelmoumen,33.5731,-7.6184,Choix direct de la catégorie
2026-03-03 19:12:30,English,Comportement indésirable,Tram36,Technopark,33.535,-7.6322,Choix direct de la catégorie
2026-03-03 19:20:10,French,Equipements,Tram20,Abdelmoumen,33.5731,-7.6184,Choix direct de la catégorie
2026-03-03 19:28:23,French,Sécurité et sûreté,Tram42,Technopark,33.535,-7.6322,Choix direct de la catégorie
2026-03-03 19:31:48,English,Spam,Tram16,Casa Voyageurs,33.5898,-7.5898,Choix direct de la catégorie
2026-03-04 07:36:28,Arabic,Ponctualité et régularité,Tram08,Technopark,33.535,-7.6322,Choix direct de la catégorie
2026-03-04 08:07:50,Arabic,Equipements,Tram23,Casa Voyageurs,33.5898,-7.5898,Choix direct de la catégorie
2026-03-04 08:22:50,Arabic,Tarification,Tram18,Abdelmoumen,33.5731,-7.6184,Choix direct de la catégorie
2026-03-04 08:32:35,Arabic,Sécurité et sûreté,Tram43,Abdelmoumen,33.5731,-7.6184,Choix direct de la catégorie
2026-03-04 09:02:22,French,Ponctualité et régularité,Tram02,Abdelmoumen,33.5731,-7.6184,Choix direct de la catégorie
2026-03-04 09:20:05,French,Comportement du personnel,Tram30,Casa Voyageurs,33.5898,-7.5898,Choix direct de la catégorie
2026-03-04 10:40:16,French,Comportement du personnel,Tram35,Abdelmoumen,33.5731,-7.6184,Choix direct de la catégorie
2026-03-04 11:05:26,French,Informations voyageur,Tram04,Technopark,33.535,-7.6322,Choix direct de la catégorie
2026-03-04 13:48:52,French,Comportement indésirable,Tram36,Abdelmoumen,33.5731,-7.6184,Choix direct de la catégorie
2026-03-04 17:03:30,French,Tarification,Tram10,Casa Voyageurs,33.5898,-7.5898,Choix direct de la catégorie
2026-03-04 17:05:08,French,Sécurité et sûreté,Tram03,Technopark,33.535,-7.6322,Choix direct de la catégorie
2026-03-04 17:10:09,Arabic,Ponctualité et régularité,Tram33,Casa Voyageurs,33.5898,-7.5898,Choix direct de la catégorie
2026-03-04 18:05:55,French,Comportement du personnel,Tram30,Technopark,33.535,-7.6322,Choix direct de la catégorie
2026-03-04 18:50:46,French,Informations insuffisantes,Tram20,Casa Voyageurs,33.5898,-7.5898,Choix direct de la catégorie
2026-03-04 18:57:04,French,Tarification,Tram36,Casa Voyageurs,33.5898,-7.5898,Choix direct de la catégorie
2026-03-04 19:22:12,Arabic,Tarification,Tram05,Technopark,33.535,-7.6322,Choix direct de la catégorie
2026-03-04 22:18:39,Arabic,Tarification,Tram01,Gare Casa Port,33.5992,-7.6125,Choix direct de la catégorie
2026-03-05 07:51:38,French,Equipements,Tram09,Casa Voyageurs,33.5898,-7.5898,Choix direct de la catégorie
2026-03-05 08:01:56,Arabic,Informations insuffisantes,Tram03,Casa Voyageurs,33.5898,-7.5898,Choix direct de la catégorie
2026-03-05 08:27:08,French,Tarification,Tram42,Casa Voyageurs,33.5898,-7.5898,Choix direct de la catégorie
2026-03-05 08:34:34,Arabic,Spam,Tram10,Nations Unies,33.5956,-7.6186,Choix direct de la catégorie
2026-03-05 08:52:19,Arabic,Informations insuffisantes,Tram17,Abdelmoumen,33.5731,-7.6184,Choix direct de la catégorie
2026-03-05 09:17:48,Arabic,Equipements,Tram34,Casa Voyageurs,33.5898,-7.5898,Choix direct de la catégorie
2026-03-05 09:24:28,French,Equipements,Tram30,Abdelmoumen,33.5731,-7.6184,Choix direct de la catégorie
2026-03-05 10:46:30,French,Comportement du personnel,Tram34,Abdelmoumen,33.5731,-7.6184,Choix direct de la catégorie
2026-03-05 17:24:12,Arabic,Informations insuffisantes,Tram38,Abdelmoumen,33.5731,-7.6184,Choix direct de la catégorie
2026-03-05 17:32:01,English,Ponctualité et régularité,Tram44,Gare Casa Port,33.5992,-7.6125,Choix direct de la catégorie
2026-03-05 17:45:30,Arabic,Equipements,Tram20,Abdelmoumen,33.5731,-7.6184,Choix direct de la catégorie
2026-03-05 18:09:35,French,Comportement indésirable,Tram34,Casa Voyageurs,33.5898,-7.5898,Choix direct de la catégorie
2026-03-05 18:11:24,Arabic,Informations voyageur,Tram11,Casa Voyageurs,33.5898,-7.5898,Choix direct de la catégorie
2026-03-05 18:32:36,French,Ponctualité et régularité,Tram20,Abdelmoumen,33.5731,-7.6184,Choix direct de la catégorie
2026-03-05 18:56:51,French,Spam,Tram05,Casa Voyageurs,33.5898,-7.5898,Choix direct de la catégorie
2026-03-05 18:56:55,Arabic,Tarification,Tram18,Abdelmoumen,33.5731,-7.6184,Choix direct de la catégorie
2026-03-05 21:14:12,Arabic,Comportement du personnel,Tram37,Abdelmoumen,33.5731,-7.6184,Choix direct de la catégorie
2026-03-05 21:38:31,Arabic,Comportement du personnel,Tram01,Technopark,33.535,-7.6322,Choix direct de la catégorie
2026-03-05 23:05:04,French,Comportement indésirable,Tram34,Technopark,33.535,-7.6322,Choix direct de la catégorie
2026-03-06 06:04:02,Arabic,Tarification,Tram17,Abdelmoumen,33.5731,-7.6184,Choix direct de la catégorie
2026-03-06 07:56:20,French,Comportement du personnel,Tram12,Casa Voyageurs,33.5898,-7.5898,Choix direct de la catégorie
2026-03-06 08:04:05,French,Sécurité et sûreté,Tram03,Technopark,33.535,-7.6322,Choix direct de la catégorie
2026-03-06 08:20:47,French,Spam,Tram05,Technopark,33.535,-7.6322,Choix direct de la catégorie
2026-03-06 08:38:44,French,Informations insuffisantes,Tram01,Abdelmoumen,33.5731,-7.6184,Choix direct de la catégorie
2026-03-06 09:22:09,French,Tarification,Tram07,Abdelmoumen,33.5731,-7.6184,Choix direct de la catégorie
2026-03-06 09:25:12,French,Tarification,Tram09,Casa Voyageurs,33.5898,-7.5898,Choix direct de la catégorie
2026-03-06 12:22:11,French,Comportement du personnel,Tram33,Technopark,33.535,-7.6322,Choix direct de la catégorie
2026-03-06 14:11:27,French,Informations insuffisantes,Tram26,Nations Unies,33.5956,-7.6186,Choix direct de la catégorie
2026-03-06 16:52:05,French,Spam,Tram06,Casa Voyageurs,33.5898,-7.5898,Choix direct de la catégorie
2026-03-06 17:32:26,French,Tarification,Tram40,Abdelmoumen,33.5731,-7.6184,Choix direct de la catégorie
2026-03-06 17:41:48,Arabic,Comportement indésirable,Tram43,Technopark,33.535,-7.6322,Choix direct de la catégorie
2026-03-06 17:43:33,French,Informations voyageur,Tram19,Casa Voyageurs,33.5898,-7.5898,Choix direct de la catégorie
2026-03-06 17:54:03,French,Tarification,Tram36,Abdelmoumen,33.5731,-7.6184,Choix direct de la catégorie
2026-03-06 18:30:48,French,Spam,Tram20,Nations Unies,33.5956,-7.6186,Choix direct de la catégorie
2026-03-06 19:17:19,French,Comportement du personnel,Tram27,Casa Voyageurs,33.5898,-7.5898,Choix direct de la catégorie
2026-03-06 19:18:27,French,Ponctualité et régularité,Tram24,Abdelmoumen,33.5731,-7.6184,Choix direct de la catégorie
2026-03-06 19:27:23,French,Comportement du personnel,Tram13,Abdelmoumen,33.5731,-7.6184,Choix direct de la catégorie
2026-03-06 20:06:44,French,Informations voyageur,Tram33,Abdelmoumen,33.5731,-7.6184,Choix direct de la catégorie
2026-03-06 20:40:57,Arabic,Tarification,Tram17,Abdelmoumen,33.5731,-7.6184,Choix direct de la catégorie
2026-03-06 22:38:51,French,Sécurité et sûreté,Tram01,Casa Voyageurs,33.5898,-7.5898,Choix direct de la catégorie
2026-03-06 22:54:27,Arabic,Ponctualité et régularité,Tram26,Technopark,33.535,-7.6322,Choix direct de la catégorie
2026-03-07 06:20:06,Arabic,Tarification,Tram01,Abdelmoumen,33.5731,-7.6184,Choix direct de la catégorie
2026-03-07 06:46:10,French,Equipements,Tram34,Gare Casa Port,33.5992,-7.6125,Choix direct de la catégorie
2026-03-07 07:51:51,Arabic,Informations insuffisantes,Tram22,Nations Unies,33.5956,-7.6186,Choix direct de la catégorie
2026-03-07 07:54:08,French,Sécurité et sûreté,Tram08,Casa Voyageurs,33.5898,-7.5898,Choix direct de la catégorie
2026-03-07 08:02:53,Arabic,Ponctualité et régularité,Tram30,Technopark,33.535,-7.6322,Choix direct de la catégorie
2026-03-07 11:47:44,Arabic,Sécurité et sûreté,Tram20,Abdelmoumen,33.5731,-7.6184,Choix direct de la catégorie
2026-03-07 12:20:47,French,Comportement du personnel,Tram12,Abdelmoumen,33.5731,-7.6184,Choix direct de la catégorie
2026-03-07 17:26:14,French,Tarification,Tram02,Technopark,33.535,-7.6322,Choix direct de la catégorie
2026-03-07 17:27:19,French,Comportement indésirable,Tram15,Abdelmoumen,33.5731,-7.6184,Choix direct de la catégorie
2026-03-07 17:55:25,French,Spam,Tram16,Abdelmoumen,33.5731,-7.6184,Choix direct de la catégorie
2026-03-07 18:08:41,French,Spam,Tram42,Nations Unies,33.5956,-7.6186,Choix direct de la catégorie
2026-03-07 18:11:40,French,Comportement indésirable,Tram29,Casa Voyageurs,33.5898,-7.5898,Choix direct de la catégorie
2026-03-07 19:29:07,French,Informations voyageur,Tram04,Abdelmoumen,33.5731,-7.6184,Choix direct de la catégorie
2026-03-07 20:48:04,French,Spam,Tram28,Technopark,33.535,-7.6322,Choix direct de la catégorie
2026-03-07 22:17:50,Arabic,Informations insuffisantes,Tram43,Technopark,33.535,-7.6322,Choix direct de la catégorie
2026-03-07 22:58:13,Arabic,Comportement indésirable,Tram44,Abdelmoumen,33.5731,-7.6184,Choix direct de la catégorie
2026-03-08 06:18:24,French,Tarification,Tram29,Casa Voyageurs,33.5898,-7.5898,Choix direct de la catégorie
2026-03-08 06:29:56,Arabic,Spam,Tram39,Nations Unies,33.5956,-7.6186,Choix direct de la catégorie
2026-03-08 06:40:43,Arabic,Informations insuffisantes,Tram43,Abdelmoumen,33.5731,-7.6184,Choix direct de la catégorie
2026-03-08 07:38:44,French,Tarification,Tram05,Casa Voyageurs,33.5898,-7.5898,Choix direct de la catégorie
2026-03-08 08:48:40,French,Equipements,Tram33,Abdelmoumen,33.5731,-7.6184,Choix direct de la catégorie
2026-03-08 08:59:01,Arabic,Ponctualité et régularité,Tram05,Casa Voyageurs,33.5898,-7.5898,Choix direct de la catégorie
2026-03-08 09:27:04,Arabic,Comportement du personnel,Tram02,Technopark,33.535,-7.6322,Choix direct de la catégorie
2026-03-08 13:28:46,French,Sécurité et sûreté,Tram29,Abdelmoumen,33.5731,-7.6184,Choix direct de la catégorie
2026-03-08 18:14:57,Arabic,Equipements,Tram17,Nations Unies,33.5956,-7.6186,Choix direct de la catégorie
2026-03-08 19:22:04,French,Informations insuffisantes,Tram25,Abdelmoumen,33.5731,-7.6184,Choix direct de la catégorie
2026-03-08 19:29:04,French,Tarification,Tram22,Casa Voyageurs,33.5898,-7.5898,Choix direct de la catégorie
2026-03-08 22:24:25,French,Sécurité et sûreté,Tram33,Abdelmoumen,33.5731,-7.6184,Choix direct de la catégorie
2026-03-08 23:10:49,Arabic,Comportement du personnel,Tram33,Casa Voyageurs,33.5898,-7.5898,Choix direct de la catégorie
2026-03-09 06:41:16,French,Informations voyageur,Tram25,Casa Voyageurs,33.5898,-7.5898,Choix direct de la catégorie
2026-03-09 07:35:54,Arabic,Informations insuffisantes,Tram12,Technopark,33.535,-7.6322,Choix direct de la catégorie
2026-03-09 08:16:26,English,Comportement du personnel,Tram06,Casa Voyageurs,33.5898,-7.5898,Choix direct de la catégorie
2026-03-09 08:16:35,French,Informations insuffisantes,Tram31,Gare Casa Port,33.5992,-7.6125,Choix direct de la catégorie
2026-03-09 08:29:34,Arabic,Spam,Tram11,Casa Voyageurs,33.5898,-7.5898,Choix direct de la catégorie
2026-03-09 08:42:00,Arabic,Spam,Tram04,Abdelmoumen,33.5731,-7.6184,Choix direct de la catégorie
2026-03-09 08:47:01,French,Ponctualité et régularité,Tram21,Casa Voyageurs,33.5898,-7.5898,Choix direct de la catégorie
2026-03-09 08:54:00,French,Spam,Tram18,Abdelmoumen,33.5731,-7.6184,Choix direct de la catégorie
2026-03-09 09:16:04,French,Comportement du personnel,Tram26,Casa Voyageurs,33.5898,-7.5898,Choix direct de la catégorie
2026-03-09 09:28:24,French,Comportement du personnel,Tram38,Casa Voyageurs,33.5898,-7.5898,Choix direct de la catégorie
2026-03-09 10:44:37,Arabic,Tarification,Tram38,Casa Voyageurs,33.5898,-7.5898,Choix direct de la catégorie
2026-03-09 11:06:28,Arabic,Comportement du personnel,Tram10,Casa Voyageurs,33.5898,-7.5898,Choix direct de la catégorie
2026-03-09 16:54:06,Arabic,Equipements,Tram32,Casa Voyageurs,33.5898,-7.5898,Choix direct de la catégorie
2026-03-09 17:39:37,English,Informations voyageur,Tram13,Abdelmoumen,33.5731,-7.6184,Choix direct de la catégorie
2026-03-09 17:55:09,French,Informations voyageur,Tram21,Gare Casa Port,33.5992,-7.6125,Choix direct de la catégorie
2026-03-09 18:06:36,French,Tarification,Tram45,Abdelmoumen,33.5731,-7.6184,Choix direct de la catégorie
2026-03-09 18:21:21,French,Comportement indésirable,Tram45,Technopark,33.535,-7.6322,Choix direct de la catégorie
2026-03-09 18:29:31,English,Tarification,Tram10,Technopark,33.535,-7.6322,Choix direct de la catégorie
2026-03-09 18:38:45,Arabic,Comportement du personnel,Tram35,Abdelmoumen,33.5731,-7.6184,Choix direct de la catégorie
2026-03-09 18:51:16,French,Spam,Tram16,Technopark,33.535,-7.6322,Choix direct de la catégorie
2026-03-09 18:55:10,French,Spam,Tram42,Technopark,33.535,-7.6322,Choix direct de la catégorie
2026-03-09 19:25:58,Arabic,Sécurité et sûreté,Tram39,Abdelmoumen,33.5731,-7.6184,Choix direct de la catégorie
2026-03-09 19:26:42,French,Sécurité et sûreté,Tram29,Casa Voyageurs,33.5898,-7.5898,Choix direct de la catégorie
2026-03-09 22:11:39,Arabic,Equipements,Tram24,Technopark,33.535,-7.6322,Choix direct de la catégorie
2026-03-10 06:14:27,Arabic,Tarification,Tram32,Technopark,33.535,-7.6322,Choix direct de la catégorie
2026-03-10 07:03:06,Arabic,Ponctualité et régularité,Tram13,Abdelmoumen,33.5731,-7.6184,Choix direct de la catégorie
2026-03-10 07:58:41,Arabic,Equipements,Tram43,Casa Voyageurs,33.5898,-7.5898,Choix direct de la catégorie
2026-03-10 07:59:05,Arabic,Comportement indésirable,Tram01,Abdelmoumen,33.5731,-7.6184,Choix direct de la catégorie
2026-03-10 08:09:51,English,Comportement indésirable,Tram10,Abdelmoumen,33.5731,-7.6184,Choix direct de la catégorie
2026-03-10 08:17:08,Arabic,Informations insuffisantes,Tram12,Casa Voyageurs,33.5898,-7.5898,Choix direct de la catégorie
2026-03-10 08:38:51,French,Ponctualité et régularité,Tram45,Abdelmoumen,33.5731,-7.6184,Choix direct de la catégorie
2026-03-10 08:55:07,English,Informations voyageur,Tram29,Abdelmoumen,33.5731,-7.6184,Choix direct de la catégorie
2026-03-10 09:29:44,Arabic,Comportement du personnel,Tram05,Gare Casa Port,33.5992,-7.6125,Choix direct de la catégorie
2026-03-10 11:03:51,French,Comportement du personnel,Tram44,Technopark,33.535,-7.6322,Choix direct de la catégorie
2026-03-10 11:49:31,English,Informations voyageur,Tram38,Abdelmoumen,33.5731,-7.6184,Choix direct de la catégorie
2026-03-10 17:27:47,Arabic,Comportement du personnel,Tram42,Gare Casa Port,33.5992,-7.6125,Choix direct de la catégorie
2026-03-10 17:38:45,Arabic,Ponctualité et régularité,Tram31,Abdelmoumen,33.5731,-7.6184,Choix direct de la catégorie
2026-03-10 17:50:49,Arabic,Spam,Tram07,Casa Voyageurs,33.5898,-7.5898,Choix direct de la catégorie
2026-03-10 17:56:34,French,Spam,Tram15,Abdelmoumen,33.5731,-7.6184,Choix direct de la catégorie
2026-03-10 18:26:47,French,Spam,Tram27,Technopark,33.535,-7.6322,Choix direct de la catégorie
2026-03-10 18:35:10,French,Comportement indésirable,Tram25,Technopark,33.535,-7.6322,Choix direct de la catégorie
2026-03-10 19:11:49,Arabic,Ponctualité et régularité,Tram12,Technopark,33.535,-7.6322,Choix direct de la catégorie
2026-03-10 19:26:16,French,Spam,Tram22,Abdelmoumen,33.5731,-7.6184,Choix direct de la catégorie
2026-03-10 21:43:41,French,Sécurité et sûreté,Tram01,Abdelmoumen,33.5731,-7.6184,Choix direct de la catégorie
2026-03-11 07:35:06,French,Comportement du personnel,Tram44,Abdelmoumen,33.5731,-7.6184,Choix direct de la catégorie
2026-03-11 07:38:25,French,Spam,Tram17,Abdelmoumen,33.5731,-7.6184,Choix direct de la catégorie
2026-03-11 08:24:55,French,Equipements,Tram41,Technopark,33.535,-7.6322,Choix direct de la catégorie
2026-03-11 08:38:12,French,Informations insuffisantes,Tram29,Casa Voyageurs,33.5898,-7.5898,Choix direct de la catégorie
2026-03-11 08:55:05,Arabic,Informations insuffisantes,Tram20,Nations Unies,33.5956,-7.6186,Choix direct de la catégorie
2026-03-11 09:20:19,French,Comportement du personnel,Tram11,Technopark,33.535,-7.6322,Choix direct de la catégorie
2026-03-11 16:56:40,French,Spam,Tram16,Technopark,33.535,-7.6322,Choix direct de la catégorie
2026-03-11 17:03:36,Arabic,Informations insuffisantes,Tram01,Casa Voyageurs,33.5898,-7.5898,Choix direct de la catégorie
2026-03-11 17:35:46,French,Ponctualité et régularité,Tram45,Gare Casa Port,33.5992,-7.6125,Choix direct de la catégorie
2026-03-11 18:17:29,French,Equipements,Tram08,Casa Voyageurs,33.5898,-7.5898,Choix direct de la catégorie
2026-03-11 18:25:20,English,Tarification,Tram45,Casa Voyageurs,33.5898,-7.5898,Choix direct de la catégorie
2026-03-11 18:27:42,Arabic,Ponctualité et régularité,Tram06,Nations Unies,33.5956,-7.6186,Choix direct de la catégorie
2026-03-11 18:51:29,French,Comportement indésirable,Tram34,Casa Voyageurs,33.5898,-7.5898,Choix direct de la catégorie
2026-03-11 19:02:23,French,Sécurité et sûreté,Tram06,Casa Voyageurs,33.5898,-7.5898,Choix direct de la catégorie
2026-03-11 19:10:43,English,Equipements,Tram07,Technopark,33.535,-7.6322,Choix direct de la catégorie
2026-03-12 06:33:31,Arabic,Equipements,Tram39,Abdelmoumen,33.5731,-7.6184,Choix direct de la catégorie
2026-03-12 07:42:58,French,Comportement du personnel,Tram07,Abdelmoumen,33.5731,-7.6184,Choix direct de la catégorie
2026-03-12 08:15:14,Arabic,Sécurité et sûreté,Tram28,Nations Unies,33.5956,-7.6186,Choix direct de la catégorie
2026-03-12 08:41:45,French,Comportement indésirable,Tram05,Gare Casa Port,33.5992,-7.6125,Choix direct de la catégorie
2026-03-12 08:58:59,French,Comportement du personnel,Tram21,Casa Voyageurs,33.5898,-7.5898,Choix direct de la catégorie
2026-03-12 10:29:10,Arabic,Ponctualité et régularité,Tram45,Abdelmoumen,33.5731,-7.6184,Choix direct de la catégorie
2026-03-12 10:33:20,Arabic,Spam,Tram39,Abdelmoumen,33.5731,-7.6184,Choix direct de la catégorie
2026-03-12 15:09:49,French,Informations voyageur,Tram01,Casa Voyageurs,33.5898,-7.5898,Choix direct de la catégorie
2026-03-12 15:28:55,Arabic,Informations insuffisantes,Tram10,Abdelmoumen,33.5731,-7.6184,Choix direct de la catégorie
2026-03-12 17:28:34,French,Spam,Tram42,Gare Casa Port,33.5992,-7.6125,Choix direct de la catégorie
2026-03-12 17:44:18,French,Ponctualité et régularité,Tram43,Casa Voyageurs,33.5898,-7.5898,Choix direct de la catégorie
2026-03-12 17:44:52,Arabic,Equipements,Tram19,Technopark,33.535,-7.6322,Choix direct de la catégorie
2026-03-12 17:58:13,French,Ponctualité et régularité,Tram12,Abdelmoumen,33.5731,-7.6184,Choix direct de la catégorie
2026-03-12 18:01:49,French,Comportement indésirable,Tram22,Abdelmoumen,33.5731,-7.6184,Choix direct de la catégorie
2026-03-12 18:07:06,French,Equipements,Tram02,Nations Unies,33.5956,-7.6186,Choix direct de la catégorie
2026-03-12 18:16:40,Arabic,Comportement indésirable,Tram03,Technopark,33.535,-7.6322,Choix direct de la catégorie
2026-03-12 19:10:18,French,Ponctualité et régularité,Tram17,Abdelmoumen,33.5731,-7.6184,Choix direct de la catégorie
2026-03-12 19:13:10,Arabic,Tarification,Tram08,Gare Casa Port,33.5992,-7.6125,Choix direct de la catégorie
2026-03-12 22:07:56,French,Ponctualité et régularité,Tram39,Casa Voyageurs,33.5898,-7.5898,Choix direct de la catégorie
2026-03-12 22:25:43,French,Informations insuffisantes,Tram44,Nations Unies,33.5956,-7.6186,Choix direct de la catégorie
2026-03-12 22:48:56,English,Sécurité et sûreté,Tram27,Casa Voyageurs,33.5898,-7.5898,Choix direct de la catégorie
2026-03-13 06:05:57,French,Comportement indésirable,Tram34,Abdelmoumen,33.5731,-7.6184,Choix direct de la catégorie
2026-03-13 06:15:53,Arabic,Ponctualité et régularité,Tram28,Abdelmoumen,33.5731,-7.6184,Choix direct de la catégorie
2026-03-13 07:18:15,Arabic,Ponctualité et régularité,Tram14,Abdelmoumen,33.5731,-7.6184,Choix direct de la catégorie
2026-03-13 07:33:10,French,Comportement du personnel,Tram17,Abdelmoumen,33.5731,-7.6184,Choix direct de la catégorie
2026-03-13 07:34:16,French,Tarification,Tram11,Technopark,33.535,-7.6322,Choix direct de la catégorie
2026-03-13 07:49:02,French,Ponctualité et régularité,Tram33,Technopark,33.535,-7.6322,Choix direct de la catégorie
2026-03-13 08:39:40,French,Equipements,Tram16,Abdelmoumen,33.5731,-7.6184,Choix direct de la catégorie
2026-03-13 08:51:58,Arabic,Informations insuffisantes,Tram11,Technopark,33.535,-7.6322,Choix direct de la catégorie
2026-03-13 08:57:56,French,Equipements,Tram20,Casa Voyageurs,33.5898,-7.5898,Choix direct de la catégorie
2026-03-13 09:18:15,Arabic,Comportement indésirable,Tram35,Casa Voyageurs,33.5898,-7.5898,Choix direct de la catégorie
2026-03-13 09:25:08,French,Tarification,Tram31,Casa Voyageurs,33.5898,-7.5898,Choix direct de la catégorie
2026-03-13 10:25:23,French,Informations voyageur,Tram15,Technopark,33.535,-7.6322,Choix direct de la catégorie
2026-03-13 11:06:09,French,Comportement indésirable,Tram08,Abdelmoumen,33.5731,-7.6184,Choix direct de la catégorie
2026-03-13 17:06:31,French,Informations voyageur,Tram03,Casa Voyageurs,33.5898,-7.5898,Choix direct de la catégorie
2026-03-13 17:48:07,French,Ponctualité et régularité,Tram27,Casa Voyageurs,33.5898,-7.5898,Choix direct de la catégorie
2026-03-13 17:52:27,French,Tarification,Tram20,Abdelmoumen,33.5731,-7.6184,Choix direct de la catégorie
2026-03-13 18:10:14,French,Sécurité et sûreté,Tram14,Nations Unies,33.5956,-7.6186,Choix direct de la catégorie
2026-03-13 18:18:03,Arabic,Ponctualité et régularité,Tram02,Technopark,33.535,-7.6322,Choix direct de la catégorie
2026-03-13 18:29:38,French,Comportement du personnel,Tram09,Abdelmoumen,33.5731,-7.6184,Choix direct de la catégorie
2026-03-14 08:03:25,French,Informations voyageur,Tram15,Technopark,33.535,-7.6322,Choix direct de la catégorie
2026-03-14 08:05:03,French,Comportement indésirable,Tram07,Nations Unies,33.5956,-7.6186,Choix direct de la catégorie
2026-03-14 08:38:35,French,Ponctualité et régularité,Tram11,Abdelmoumen,33.5731,-7.6184,Choix direct de la catégorie
2026-03-14 09:05:17,French,Tarification,Tram32,Abdelmoumen,33.5731,-7.6184,Choix direct de la catégorie
2026-03-14 10:07:40,Arabic,Equipements,Tram33,Casa Voyageurs,33.5898,-7.5898,Choix direct de la catégorie
2026-03-14 14:28:03,French,Sécurité et sûreté,Tram06,Abdelmoumen,33.5731,-7.6184,Choix direct de la catégorie
2026-03-14 14:53:00,French,Tarification,Tram33,Gare Casa Port,33.5992,-7.6125,Choix direct de la catégorie
2026-03-14 17:45:44,Arabic,Equipements,Tram43,Abdelmoumen,33.5731,-7.6184,Choix direct de la catégorie
2026-03-14 18:11:57,French,Spam,Tram29,Casa Voyageurs,33.5898,-7.5898,Choix direct de la catégorie
2026-03-14 18:22:47,French,Ponctualité et régularité,Tram02,Technopark,33.535,-7.6322,Choix direct de la catégorie
2026-03-14 18:23:25,Arabic,Equipements,Tram34,Nations Unies,33.5956,-7.6186,Choix direct de la catégorie
2026-03-14 18:27:06,French,Tarification,Tram40,Abdelmoumen,33.5731,-7.6184,Choix direct de la catégorie
2026-03-14 18:28:23,French,Comportement indésirable,Tram30,Abdelmoumen,33.5731,-7.6184,Choix direct de la catégorie
2026-03-14 18:51:12,French,Informations voyageur,Tram31,Casa Voyageurs,33.5898,-7.5898,Choix direct de la catégorie
2026-03-14 19:21:43,French,Informations voyageur,Tram14,Nations Unies,33.5956,-7.6186,Choix direct de la catégorie
2026-03-14 22:04:48,French,Comportement du personnel,Tram34,Casa Voyageurs,33.5898,-7.5898,Choix direct de la catégorie
2026-03-14 22:24:42,French,Tarification,Tram03,Abdelmoumen,33.5731,-7.6184,Choix direct de la catégorie
2026-03-15 06:39:56,French,Sécurité et sûreté,Tram16,Casa Voyageurs,33.5898,-7.5898,Choix direct de la catégorie
2026-03-15 07:05:45,French,Informations insuffisantes,Tram28,Abdelmoumen,33.5731,-7.6184,Choix direct de la catégorie
2026-03-15 07:13:06,Arabic,Equipements,Tram39,Technopark,33.535,-7.6322,Choix direct de la catégorie
2026-03-15 08:08:58,French,Equipements,Tram45,Technopark,33.535,-7.6322,Choix direct de la catégorie
2026-03-15 08:30:51,French,Ponctualité et régularité,Tram28,Casa Voyageurs,33.5898,-7.5898,Choix direct de la catégorie
2026-03-15 08:33:08,Arabic,Tarification,Tram01,Technopark,33.535,-7.6322,Choix direct de la catégorie
2026-03-15 09:00:19,French,Tarification,Tram29,Technopark,33.535,-7.6322,Choix direct de la catégorie
2026-03-15 09:08:58,French,Informations voyageur,Tram07,Gare Casa Port,33.5992,-7.6125,Choix direct de la catégorie
2026-03-15 09:26:37,Arabic,Comportement du personnel,Tram44,Nations Unies,33.5956,-7.6186,Choix direct de la catégorie
2026-03-15 10:17:25,Arabic,Comportement du personnel,Tram39,Casa Voyageurs,33.5898,-7.5898,Choix direct de la catégorie
2026-03-15 10:44:29,French,Informations insuffisantes,Tram16,Casa Voyageurs,33.5898,-7.5898,Choix direct de la catégorie
2026-03-15 11:30:14,French,Informations insuffisantes,Tram45,Abdelmoumen,33.5731,-7.6184,Choix direct de la catégorie
2026-03-15 12:04:57,French,Comportement indésirable,Tram43,Technopark,33.535,-7.6322,Choix direct de la catégorie
2026-03-15 14:05:58,French,Ponctualité et régularité,Tram25,Casa Voyageurs,33.5898,-7.5898,Choix direct de la catégorie
2026-03-15 17:04:19,English,Spam,Tram33,Technopark,33.535,-7.6322,Choix direct de la catégorie
2026-03-15 17:12:41,French,Comportement du personnel,Tram24,Gare Casa Port,33.5992,-7.6125,Choix direct de la catégorie
2026-03-15 17:15:58,Arabic,Informations insuffisantes,Tram04,Casa Voyageurs,33.5898,-7.5898,Choix direct de la catégorie
2026-03-15 17:56:21,French,Informations insuffisantes,Tram20,Gare Casa Port,33.5992,-7.6125,Choix direct de la catégorie
2026-03-15 18:50:51,French,Informations insuffisantes,Tram29,Abdelmoumen,33.5731,-7.6184,Choix direct de la catégorie
2026-03-15 20:57:59,Arabic,Spam,Tram21,Abdelmoumen,33.5731,-7.6184,Choix direct de la catégorie
2026-03-16 06:32:59,French,Tarification,Tram27,Abdelmoumen,33.5731,-7.6184,Choix direct de la catégorie
2026-03-16 07:29:15,French,Spam,Tram38,Technopark,33.535,-7.6322,Choix direct de la catégorie
2026-03-16 07:33:32,French,Ponctualité et régularité,Tram45,Abdelmoumen,33.5731,-7.6184,Choix direct de la catégorie
2026-03-16 08:09:21,Arabic,Sécurité et sûreté,Tram41,Gare Casa Port,33.5992,-7.6125,Choix direct de la catégorie
2026-03-16 08:15:15,French,Comportement du personnel,Tram17,Casa Voyageurs,33.5898,-7.5898,Choix direct de la catégorie
2026-03-16 08:26:48,Arabic,Spam,Tram28,Casa Voyageurs,33.5898,-7.5898,Choix direct de la catégorie
2026-03-16 08:33:18,French,Ponctualité et régularité,Tram12,Technopark,33.535,-7.6322,Choix direct de la catégorie
2026-03-16 08:38:32,Arabic,Tarification,Tram44,Technopark,33.535,-7.6322,Choix direct de la catégorie
2026-03-16 09:10:40,Arabic,Sécurité et sûreté,Tram32,Gare Casa Port,33.5992,-7.6125,Choix direct de la catégorie
2026-03-16 17:24:28,French,Equipements,Tram23,Technopark,33.535,-7.6322,Choix direct de la catégorie
2026-03-16 17:38:50,French,Equipements,Tram10,Gare Casa Port,33.5992,-7.6125,Choix direct de la catégorie
2026-03-16 18:34:49,Arabic,Sécurité et sûreté,Tram31,Technopark,33.535,-7.6322,Choix direct de la catégorie
2026-03-16 18:52:02,French,Equipements,Tram25,Technopark,33.535,-7.6322,Choix direct de la catégorie
2026-03-17 06:35:49,French,Informations voyageur,Tram20,Nations Unies,33.5956,-7.6186,Choix direct de la catégorie
2026-03-17 07:32:32,Arabic,Comportement indésirable,Tram42,Abdelmoumen,33.5731,-7.6184,Choix direct de la catégorie
2026-03-17 07:35:43,French,Equipements,Tram44,Abdelmoumen,33.5731,-7.6184,Choix direct de la catégorie
2026-03-17 07:40:12,French,Spam,Tram43,Gare Casa Port,33.5992,-7.6125,Choix direct de la catégorie
2026-03-17 08:08:00,French,Spam,Tram11,Abdelmoumen,33.5731,-7.6184,Choix direct de la catégorie
2026-03-17 08:43:49,Arabic,Sécurité et sûreté,Tram25,Gare Casa Port,33.5992,-7.6125,Choix direct de la catégorie
2026-03-17 09:00:04,Arabic,Ponctualité et régularité,Tram05,Casa Voyageurs,33.5898,-7.5898,Choix direct de la catégorie
2026-03-17 09:11:28,Arabic,Spam,Tram04,Abdelmoumen,33.5731,-7.6184,Choix direct de la catégorie
2026-03-17 09:14:40,French,Spam,Tram29,Technopark,33.535,-7.6322,Choix direct de la catégorie
2026-03-17 17:01:20,French,Informations insuffisantes,Tram39,Casa Voyageurs,33.5898,-7.5898,Choix direct de la catégorie
2026-03-17 17:38:12,French,Comportement du personnel,Tram09,Casa Voyageurs,33.5898,-7.5898,Choix direct de la catégorie
2026-03-17 18:11:21,Arabic,Tarification,Tram29,Abdelmoumen,33.5731,-7.6184,Choix direct de la catégorie
2026-03-17 18:36:41,English,Tarification,Tram26,Abdelmoumen,33.5731,-7.6184,Choix direct de la catégorie
2026-03-17 18:56:05,Arabic,Ponctualité et régularité,Tram09,Casa Voyageurs,33.5898,-7.5898,Choix direct de la catégorie
2026-03-17 20:32:10,French,Informations insuffisantes,Tram30,Abdelmoumen,33.5731,-7.6184,Choix direct de la catégorie
2026-03-17 22:20:01,Arabic,Comportement indésirable,Tram37,Nations Unies,33.5956,-7.6186,Choix direct de la catégorie
2026-03-17 22:33:18,Arabic,Informations voyageur,Tram18,Casa Voyageurs,33.5898,-7.5898,Choix direct de la catégorie
2026-03-18 06:19:00,French,Sécurité et sûreté,Tram04,Abdelmoumen,33.5731,-7.6184,Choix direct de la catégorie
2026-03-18 07:24:10,English,Comportement indésirable,Tram32,Casa Voyageurs,33.5898,-7.5898,Choix direct de la catégorie
2026-03-18 07:32:25,French,Ponctualité et régularité,Tram42,Gare Casa Port,33.5992,-7.6125,Choix direct de la catégorie
2026-03-18 07:47:08,French,Informations voyageur,Tram07,Casa Voyageurs,33.5898,-7.5898,Choix direct de la catégorie
2026-03-18 08:05:00,French,Ponctualité et régularité,Tram36,Technopark,33.535,-7.6322,Choix direct de la catégorie
2026-03-18 08:09:35,French,Informations insuffisantes,Tram08,Nations Unies,33.5956,-7.6186,Choix direct de la catégorie
2026-03-18 08:22:59,French,Informations insuffisantes,Tram45,Nations Unies,33.5956,-7.6186,Choix direct de la catégorie
2026-03-18 08:50:40,Arabic,Sécurité et sûreté,Tram39,Gare Casa Port,33.5992,-7.6125,Choix direct de la catégorie
2026-03-18 08:52:27,Arabic,Comportement indésirable,Tram23,Casa Voyageurs,33.5898,-7.5898,Choix direct de la catégorie
2026-03-18 12:10:02,English,Informations insuffisantes,Tram30,Casa Voyageurs,33.5898,-7.5898,Choix direct de la catégorie
2026-03-18 12:19:51,French,Tarification,Tram23,Abdelmoumen,33.5731,-7.6184,Choix direct de la catégorie
2026-03-18 15:23:10,Arabic,Informations insuffisantes,Tram08,Technopark,33.535,-7.6322,Choix direct de la catégorie
2026-03-18 19:18:16,Arabic,Comportement du personnel,Tram44,Abdelmoumen,33.5731,-7.6184,Choix direct de la catégorie
2026-03-18 21:21:47,French,Equipements,Tram27,Abdelmoumen,33.5731,-7.6184,Choix direct de la catégorie
2026-03-18 22:15:28,French,Tarification,Tram19,Abdelmoumen,33.5731,-7.6184,Choix direct de la catégorie
2026-03-19 07:10:52,Arabic,Ponctualité et régularité,Tram01,Casa Voyageurs,33.5898,-7.5898,Choix direct de la catégorie
2026-03-19 07:33:07,Arabic,Comportement du personnel,Tram19,Technopark,33.535,-7.6322,Choix direct de la catégorie
2026-03-19 07:39:19,French,Spam,Tram04,Abdelmoumen,33.5731,-7.6184,Choix direct de la catégorie
2026-03-19 07:40:48,French,Sécurité et sûreté,Tram03,Gare Casa Port,33.5992,-7.6125,Choix direct de la catégorie
2026-03-19 07:43:42,Arabic,Sécurité et sûreté,Tram17,Nations Unies,33.5956,-7.6186,Choix direct de la catégorie
2026-03-19 08:04:53,Arabic,Comportement indésirable,Tram42,Nations Unies,33.5956,-7.6186,Choix direct de la catégorie
2026-03-19 08:28:15,Arabic,Informations insuffisantes,Tram30,Nations Unies,33.5956,-7.6186,Choix direct de la catégorie
2026-03-19 08:58:42,Arabic,Informations insuffisantes,Tram03,Technopark,33.535,-7.6322,Choix direct de la catégorie
2026-03-19 09:25:26,Arabic,Comportement du personnel,Tram01,Gare Casa Port,33.5992,-7.6125,Choix direct de la catégorie
2026-03-19 12:01:29,Arabic,Comportement indésirable,Tram42,Technopark,33.535,-7.6322,Choix direct de la catégorie
2026-03-19 12:13:20,Arabic,Equipements,Tram45,Abdelmoumen,33.5731,-7.6184,Choix direct de la catégorie
2026-03-19 17:56:15,French,Comportement du personnel,Tram20,Nations Unies,33.5956,-7.6186,Choix direct de la catégorie
2026-03-19 18:09:17,French,Equipements,Tram11,Nations Unies,33.5956,-7.6186,Choix direct de la catégorie
2026-03-19 18:29:47,French,Sécurité et sûreté,Tram18,Casa Voyageurs,33.5898,-7.5898,Choix direct de la catégorie
2026-03-19 18:50:35,Arabic,Informations insuffisantes,Tram24,Casa Voyageurs,33.5898,-7.5898,Choix direct de la catégorie
2026-03-19 18:58:43,Arabic,Equipements,Tram42,Gare Casa Port,33.5992,-7.6125,Choix direct de la catégorie
2026-03-19 23:17:00,French,Informations insuffisantes,Tram26,Casa Voyageurs,33.5898,-7.5898,Choix direct de la catégorie
2026-03-20 06:50:29,French,Sécurité et sûreté,Tram36,Abdelmoumen,33.5731,-7.6184,Choix direct de la catégorie
2026-03-20 07:11:15,French,Informations insuffisantes,Tram33,Casa Voyageurs,33.5898,-7.5898,Choix direct de la catégorie
2026-03-20 07:17:20,Arabic,Ponctualité et régularité,Tram12,Abdelmoumen,33.5731,-7.6184,Choix direct de la catégorie
2026-03-20 07:38:35,French,Tarification,Tram34,Casa Voyageurs,33.5898,-7.5898,Choix direct de la catégorie
2026-03-20 08:04:54,French,Equipements,Tram45,Technopark,33.535,-7.6322,Choix direct de la catégorie
2026-03-20 08:08:17,Arabic,Informations insuffisantes,Tram33,Casa Voyageurs,33.5898,-7.5898,Choix direct de la catégorie
2026-03-20 08:23:26,Arabic,Comportement du personnel,Tram42,Abdelmoumen,33.5731,-7.6184,Choix direct de la catégorie
2026-03-20 08:29:12,Arabic,Informations voyageur,Tram06,Casa Voyageurs,33.5898,-7.5898,Choix direct de la catégorie
2026-03-20 08:46:15,French,Comportement indésirable,Tram11,Abdelmoumen,33.5731,-7.6184,Choix direct de la catégorie
2026-03-20 08:56:41,French,Informations voyageur,Tram14,Technopark,33.535,-7.6322,Choix direct de la catégorie
2026-03-20 08:59:23,French,Equipements,Tram31,Technopark,33.535,-7.6322,Choix direct de la catégorie
2026-03-20 09:02:42,French,Ponctualité et régularité,Tram43,Abdelmoumen,33.5731,-7.6184,Choix direct de la catégorie
2026-03-20 09:12:36,French,Ponctualité et régularité,Tram29,Nations Unies,33.5956,-7.6186,Choix direct de la catégorie
2026-03-20 12:41:21,French,Comportement du personnel,Tram24,Abdelmoumen,33.5731,-7.6184,Choix direct de la catégorie
2026-03-20 17:07:08,French,Tarification,Tram42,Abdelmoumen,33.5731,-7.6184,Choix direct de la catégorie
2026-03-20 17:20:43,French,Spam,Tram06,Casa Voyageurs,33.5898,-7.5898,Choix direct de la catégorie
2026-03-20 17:54:05,French,Tarification,Tram13,Technopark,33.535,-7.6322,Choix direct de la catégorie
2026-03-20 18:04:48,French,Comportement indésirable,Tram15,Casa Voyageurs,33.5898,-7.5898,Choix direct de la catégorie
2026-03-20 18:13:10,French,Ponctualité et régularité,Tram27,Gare Casa Port,33.5992,-7.6125,Choix direct de la catégorie
2026-03-20 19:13:03,French,Informations voyageur,Tram07,Casa Voyageurs,33.5898,-7.5898,Choix direct de la catégorie
2026-03-20 19:54:55,Arabic,Tarification,Tram08,Casa Voyageurs,33.5898,-7.5898,Choix direct de la catégorie
2026-03-20 21:16:30,French,Comportement du personnel,Tram43,Abdelmoumen,33.5731,-7.6184,Choix direct de la catégorie
2026-03-20 21:26:26,French,Sécurité et sûreté,Tram23,Gare Casa Port,33.5992,-7.6125,Choix direct de la catégorie
2026-03-20 22:44:43,Arabic,Informations voyageur,Tram32,Casa Voyageurs,33.5898,-7.5898,Choix direct de la catégorie
2026-03-21 06:06:15,French,Informations insuffisantes,Tram36,Technopark,33.535,-7.6322,Choix direct de la catégorie
2026-03-21 07:00:37,French,Spam,Tram19,Technopark,33.535,-7.6322,Choix direct de la catégorie
2026-03-21 08:06:46,Arabic,Equipements,Tram22,Abdelmoumen,33.5731,-7.6184,Choix direct de la catégorie
2026-03-21 08:07:07,French,Spam,Tram28,Gare Casa Port,33.5992,-7.6125,Choix direct de la catégorie
2026-03-21 08:11:02,French,Comportement indésirable,Tram15,Nations Unies,33.5956,-7.6186,Choix direct de la catégorie
2026-03-21 08:13:07,Arabic,Informations voyageur,Tram07,Casa Voyageurs,33.5898,-7.5898,Choix direct de la catégorie
2026-03-21 08:28:34,French,Sécurité et sûreté,Tram40,Casa Voyageurs,33.5898,-7.5898,Choix direct de la catégorie
2026-03-21 08:58:37,Arabic,Spam,Tram21,Technopark,33.535,-7.6322,Choix direct de la catégorie
2026-03-21 09:28:14,Arabic,Informations insuffisantes,Tram19,Casa Voyageurs,33.5898,-7.5898,Choix direct de la catégorie
2026-03-21 12:21:43,French,Comportement indésirable,Tram24,Abdelmoumen,33.5731,-7.6184,Choix direct de la catégorie
2026-03-21 17:09:48,French,Tarification,Tram26,Casa Voyageurs,33.5898,-7.5898,Choix direct de la catégorie
2026-03-21 17:13:11,Arabic,Sécurité et sûreté,Tram44,Casa Voyageurs,33.5898,-7.5898,Choix direct de la catégorie
2026-03-21 17:56:39,Arabic,Equipements,Tram45,Abdelmoumen,33.5731,-7.6184,Choix direct de la catégorie
2026-03-21 18:06:11,Arabic,Spam,Tram24,Casa Voyageurs,33.5898,-7.5898,Choix direct de la catégorie
2026-03-21 18:09:34,French,Tarification,Tram44,Abdelmoumen,33.5731,-7.6184,Choix direct de la catégorie
2026-03-21 18:16:59,French,Informations insuffisantes,Tram30,Nations Unies,33.5956,-7.6186,Choix direct de la catégorie
2026-03-21 18:51:30,French,Informations insuffisantes,Tram11,Technopark,33.535,-7.6322,Choix direct de la catégorie
2026-03-21 19:05:10,French,Sécurité et sûreté,Tram29,Abdelmoumen,33.5731,-7.6184,Choix direct de la catégorie
2026-03-21 19:24:45,Arabic,Equipements,Tram18,Abdelmoumen,33.5731,-7.6184,Choix direct de la catégorie
2026-03-21 20:37:20,Arabic,Comportement du personnel,Tram05,Abdelmoumen,33.5731,-7.6184,Choix direct de la catégorie
2026-03-21 20:51:17,French,Comportement indésirable,Tram16,Abdelmoumen,33.5731,-7.6184,Choix direct de la catégorie
2026-03-21 21:32:50,French,Informations voyageur,Tram18,Casa Voyageurs,33.5898,-7.5898,Choix direct de la catégorie
2026-03-21 21:41:35,French,Tarification,Tram26,Abdelmoumen,33.5731,-7.6184,Choix direct de la catégorie
2026-03-21 22:11:50,French,Comportement du personnel,Tram17,Nations Unies,33.5956,-7.6186,Choix direct de la catégorie
2026-03-21 22:24:31,Arabic,Ponctualité et régularité,Tram21,Casa Voyageurs,33.5898,-7.5898,Choix direct de la catégorie
2026-03-22 06:34:03,Arabic,Equipements,Tram36,Technopark,33.535,-7.6322,Choix direct de la catégorie
2026-03-22 07:36:15,French,Equipements,Tram26,Abdelmoumen,33.5731,-7.6184,Choix direct de la catégorie
2026-03-22 09:04:15,Arabic,Tarification,Tram21,Abdelmoumen,33.5731,-7.6184,Choix direct de la catégorie
2026-03-22 09:06:26,Arabic,Comportement du personnel,Tram26,Abdelmoumen,33.5731,-7.6184,Choix direct de la catégorie
2026-03-22 14:49:05,French,Ponctualité et régularité,Tram19,Abdelmoumen,33.5731,-7.6184,Choix direct de la catégorie
2026-03-22 16:24:08,Arabic,Informations voyageur,Tram05,Abdelmoumen,33.5731,-7.6184,Choix direct de la catégorie
2026-03-22 17:35:40,French,Spam,Tram27,Casa Voyageurs,33.5898,-7.5898,Choix direct de la catégorie
2026-03-22 17:43:28,French,Informations voyageur,Tram08,Technopark,33.535,-7.6322,Choix direct de la catégorie
2026-03-22 17:43:51,French,Comportement indésirable,Tram13,Casa Voyageurs,33.5898,-7.5898,Choix direct de la catégorie
2026-03-22 18:07:31,French,Informations voyageur,Tram10,Technopark,33.535,-7.6322,Choix direct de la catégorie
2026-03-22 18:29:26,Arabic,Informations voyageur,Tram43,Abdelmoumen,33.5731,-7.6184,Choix direct de la catégorie
2026-03-22 21:07:13,French,Spam,Tram19,Technopark,33.535,-7.6322,Choix direct de la catégorie
2026-03-23 06:23:52,Arabic,Tarification,Tram01,Technopark,33.535,-7.6322,Choix direct de la catégorie
2026-03-23 07:29:34,French,Informations insuffisantes,Tram10,Casa Voyageurs,33.5898,-7.5898,Choix direct de la catégorie
2026-03-23 08:05:15,Arabic,Informations insuffisantes,Tram17,Abdelmoumen,33.5731,-7.6184,Choix direct de la catégorie
2026-03-23 08:33:21,Arabic,Ponctualité et régularité,Tram17,Casa Voyageurs,33.5898,-7.5898,Choix direct de la catégorie
2026-03-23 08:47:57,English,Informations voyageur,Tram19,Casa Voyageurs,33.5898,-7.5898,Choix direct de la catégorie
2026-03-23 09:12:02,Arabic,Informations voyageur,Tram39,Abdelmoumen,33.5731,-7.6184,Choix direct de la catégorie
2026-03-23 17:15:29,Arabic,Comportement indésirable,Tram06,Casa Voyageurs,33.5898,-7.5898,Choix direct de la catégorie
2026-03-23 17:15:54,French,Informations insuffisantes,Tram34,Casa Voyageurs,33.5898,-7.5898,Choix direct de la catégorie
2026-03-23 18:18:47,French,Spam,Tram16,Casa Voyageurs,33.5898,-7.5898,Choix direct de la catégorie
2026-03-23 18:35:14,French,Tarification,Tram31,Casa Voyageurs,33.5898,-7.5898,Choix direct de la catégorie
2026-03-23 18:44:41,French,Tarification,Tram26,Abdelmoumen,33.5731,-7.6184,Choix direct de la catégorie
2026-03-23 18:49:29,Arabic,Informations voyageur,Tram45,Gare Casa Port,33.5992,-7.6125,Choix direct de la catégorie
2026-03-23 19:11:13,French,Comportement du personnel,Tram42,Abdelmoumen,33.5731,-7.6184,Choix direct de la catégorie
2026-03-23 19:15:45,Arabic,Equipements,Tram20,Abdelmoumen,33.5731,-7.6184,Choix direct de la catégorie
2026-03-24 07:45:44,French,Equipements,Tram25,Abdelmoumen,33.5731,-7.6184,Choix direct de la catégorie
2026-03-24 08:20:03,French,Sécurité et sûreté,Tram23,Technopark,33.535,-7.6322,Choix direct de la catégorie
2026-03-24 09:02:03,French,Tarification,Tram39,Casa Voyageurs,33.5898,-7.5898,Choix direct de la catégorie
2026-03-24 10:42:52,Arabic,Comportement indésirable,Tram28,Abdelmoumen,33.5731,-7.6184,Choix direct de la catégorie
2026-03-24 17:05:54,English,Informations insuffisantes,Tram41,Abdelmoumen,33.5731,-7.6184,Choix direct de la catégorie
2026-03-24 17:44:54,French,Ponctualité et régularité,Tram36,Abdelmoumen,33.5731,-7.6184,Choix direct de la catégorie
2026-03-24 17:46:27,French,Informations insuffisantes,Tram15,Casa Voyageurs,33.5898,-7.5898,Choix direct de la catégorie
2026-03-24 18:03:01,Arabic,Ponctualité et régularité,Tram43,Casa Voyageurs,33.5898,-7.5898,Choix direct de la catégorie
2026-03-24 18:28:38,Arabic,Comportement indésirable,Tram13,Abdelmoumen,33.5731,-7.6184,Choix direct de la catégorie
2026-03-24 18:35:25,Arabic,Ponctualité et régularité,Tram20,Abdelmoumen,33.5731,-7.6184,Choix direct de la catégorie
2026-03-24 20:21:02,French,Sécurité et sûreté,Tram22,Technopark,33.535,-7.6322,Choix direct de la catégorie
2026-03-24 21:06:48,Arabic,Comportement du personnel,Tram08,Abdelmoumen,33.5731,-7.6184,Choix direct de la catégorie
2026-03-25 06:16:23,Arabic,Tarification,Tram11,Technopark,33.535,-7.6322,Choix direct de la catégorie
2026-03-25 06:27:45,French,Equipements,Tram13,Gare Casa Port,33.5992,-7.6125,Choix direct de la catégorie
2026-03-25 07:30:25,French,Informations voyageur,Tram01,Technopark,33.535,-7.6322,Choix direct de la catégorie
2026-03-25 07:31:54,French,Comportement indésirable,Tram15,Gare Casa Port,33.5992,-7.6125,Choix direct de la catégorie
2026-03-25 07:45:30,Arabic,Tarification,Tram04,Casa Voyageurs,33.5898,-7.5898,Choix direct de la catégorie
2026-03-25 07:46:10,French,Comportement indésirable,Tram15,Gare Casa Port,33.5992,-7.6125,Choix direct de la catégorie
2026-03-25 07:57:11,French,Comportement indésirable,Tram25,Abdelmoumen,33.5731,-7.6184,Choix direct de la catégorie
2026-03-25 08:02:10,French,Informations voyageur,Tram26,Abdelmoumen,33.5731,-7.6184,Choix direct de la catégorie
2026-03-25 08:32:30,Arabic,Spam,Tram23,Casa Voyageurs,33.5898,-7.5898,Choix direct de la catégorie
2026-03-25 08:41:58,Arabic,Comportement indésirable,Tram38,Casa Voyageurs,33.5898,-7.5898,Choix direct de la catégorie
2026-03-25 08:48:13,English,Informations voyageur,Tram06,Nations Unies,33.5956,-7.6186,Choix direct de la catégorie
2026-03-25 09:08:56,French,Ponctualité et régularité,Tram45,Abdelmoumen,33.5731,-7.6184,Choix direct de la catégorie
2026-03-25 09:25:20,Arabic,Sécurité et sûreté,Tram20,Abdelmoumen,33.5731,-7.6184,Choix direct de la catégorie
2026-03-25 14:07:41,French,Equipements,Tram35,Technopark,33.535,-7.6322,Choix direct de la catégorie
2026-03-25 17:00:05,English,Comportement du personnel,Tram32,Abdelmoumen,33.5731,-7.6184,Choix direct de la catégorie
2026-03-25 17:06:12,Arabic,Spam,Tram27,Abdelmoumen,33.5731,-7.6184,Choix direct de la catégorie
2026-03-25 17:23:02,French,Tarification,Tram36,Abdelmoumen,33.5731,-7.6184,Choix direct de la catégorie
2026-03-25 17:31:15,French,Equipements,Tram35,Nations Unies,33.5956,-7.6186,Choix direct de la catégorie
2026-03-25 17:46:44,French,Ponctualité et régularité,Tram38,Casa Voyageurs,33.5898,-7.5898,Choix direct de la catégorie
2026-03-25 18:25:33,Arabic,Comportement du personnel,Tram22,Casa Voyageurs,33.5898,-7.5898,Choix direct de la catégorie
2026-03-25 18:54:48,French,Comportement du personnel,Tram10,Abdelmoumen,33.5731,-7.6184,Choix direct de la catégorie
2026-03-25 19:18:17,French,Informations insuffisantes,Tram11,Casa Voyageurs,33.5898,-7.5898,Choix direct de la catégorie
2026-03-25 19:21:51,French,Ponctualité et régularité,Tram09,Abdelmoumen,33.5731,-7.6184,Choix direct de la catégorie
2026-03-25 19:30:38,French,Sécurité et sûreté,Tram32,Abdelmoumen,33.5731,-7.6184,Choix direct de la catégorie
2026-03-25 20:59:27,French,Informations insuffisantes,Tram41,Gare Casa Port,33.5992,-7.6125,Choix direct de la catégorie
2026-03-25 22:16:46,Arabic,Ponctualité et régularité,Tram13,Abdelmoumen,33.5731,-7.6184,Choix direct de la catégorie
2026-03-25 22:33:05,French,Spam,Tram43,Casa Voyageurs,33.5898,-7.5898,Choix direct de la catégorie
2026-03-25 22:44:30,French,Informations insuffisantes,Tram32,Technopark,33.535,-7.6322,Choix direct de la catégorie
2026-03-26 07:47:44,French,Tarification,Tram22,Casa Voyageurs,33.5898,-7.5898,Choix direct de la catégorie
2026-03-26 07:56:38,Arabic,Equipements,Tram16,Technopark,33.535,-7.6322,Choix direct de la catégorie
2026-03-26 08:14:11,French,Ponctualité et régularité,Tram45,Casa Voyageurs,33.5898,-7.5898,Choix direct de la catégorie
2026-03-26 08:39:33,French,Tarification,Tram25,Abdelmoumen,33.5731,-7.6184,Choix direct de la catégorie
2026-03-26 09:13:50,French,Ponctualité et régularité,Tram44,Abdelmoumen,33.5731,-7.6184,Choix direct de la catégorie
2026-03-26 09:24:17,French,Sécurité et sûreté,Tram23,Technopark,33.535,-7.6322,Choix direct de la catégorie
2026-03-26 13:41:51,French,Tarification,Tram05,Casa Voyageurs,33.5898,-7.5898,Choix direct de la catégorie
2026-03-26 17:34:25,French,Comportement du personnel,Tram34,Gare Casa Port,33.5992,-7.6125,Choix direct de la catégorie
2026-03-26 17:35:51,Arabic,Sécurité et sûreté,Tram39,Abdelmoumen,33.5731,-7.6184,Choix direct de la catégorie
2026-03-26 17:58:16,Arabic,Informations insuffisantes,Tram45,Gare Casa Port,33.5992,-7.6125,Choix direct de la catégorie
2026-03-26 18:10:51,French,Equipements,Tram33,Casa Voyageurs,33.5898,-7.5898,Choix direct de la catégorie
2026-03-26 18:53:07,Arabic,Spam,Tram33,Gare Casa Port,33.5992,-7.6125,Choix direct de la catégorie
2026-03-26 18:56:56,French,Equipements,Tram16,Nations Unies,33.5956,-7.6186,Choix direct de la catégorie
2026-03-26 19:03:24,French,Comportement indésirable,Tram15,Casa Voyageurs,33.5898,-7.5898,Choix direct de la catégorie
2026-03-26 19:07:52,French,Sécurité et sûreté,Tram38,Casa Voyageurs,33.5898,-7.5898,Choix direct de la catégorie
2026-03-26 19:16:19,Arabic,Spam,Tram11,Casa Voyageurs,33.5898,-7.5898,Choix direct de la catégorie
2026-03-26 19:21:31,French,Sécurité et sûreté,Tram06,Abdelmoumen,33.5731,-7.6184,Choix direct de la catégorie
2026-03-26 19:28:14,Arabic,Sécurité et sûreté,Tram10,Technopark,33.535,-7.6322,Choix direct de la catégorie
2026-03-26 20:55:23,Arabic,Sécurité et sûreté,Tram35,Nations Unies,33.5956,-7.6186,Choix direct de la catégorie
2026-03-26 21:35:23,French,Informations insuffisantes,Tram08,Nations Unies,33.5956,-7.6186,Choix direct de la catégorie
2026-03-26 22:24:20,French,Informations voyageur,Tram33,Casa Voyageurs,33.5898,-7.5898,Choix direct de la catégorie
2026-03-27 06:35:34,French,Informations insuffisantes,Tram04,Technopark,33.535,-7.6322,Choix direct de la catégorie
2026-03-27 07:58:32,Arabic,Comportement du personnel,Tram33,Abdelmoumen,33.5731,-7.6184,Choix direct de la catégorie
2026-03-27 08:02:09,Arabic,Sécurité et sûreté,Tram01,Gare Casa Port,33.5992,-7.6125,Choix direct de la catégorie
2026-03-27 08:02:10,Arabic,Tarification,Tram15,Casa Voyageurs,33.5898,-7.5898,Choix direct de la catégorie
2026-03-27 08:21:07,Arabic,Informations voyageur,Tram10,Abdelmoumen,33.5731,-7.6184,Choix direct de la catégorie
2026-03-27 08:24:04,Arabic,Spam,Tram14,Casa Voyageurs,33.5898,-7.5898,Choix direct de la catégorie
2026-03-27 08:43:05,Arabic,Informations voyageur,Tram28,Abdelmoumen,33.5731,-7.6184,Choix direct de la catégorie
2026-03-27 08:58:07,French,Equipements,Tram04,Abdelmoumen,33.5731,-7.6184,Choix direct de la catégorie
2026-03-27 09:24:13,French,Comportement indésirable,Tram27,Abdelmoumen,33.5731,-7.6184,Choix direct de la catégorie
2026-03-27 11:58:46,Arabic,Equipements,Tram09,Casa Voyageurs,33.5898,-7.5898,Choix direct de la catégorie
2026-03-27 13:54:28,French,Equipements,Tram03,Technopark,33.535,-7.6322,Choix direct de la catégorie
2026-03-27 17:01:38,Arabic,Informations insuffisantes,Tram22,Nations Unies,33.5956,-7.6186,Choix direct de la catégorie
2026-03-27 17:05:18,French,Tarification,Tram24,Casa Voyageurs,33.5898,-7.5898,Choix direct de la catégorie
2026-03-27 18:05:59,French,Spam,Tram29,Casa Voyageurs,33.5898,-7.5898,Choix direct de la catégorie
2026-03-27 18:06:05,French,Comportement du personnel,Tram45,Technopark,33.535,-7.6322,Choix direct de la catégorie
2026-03-27 18:16:04,French,Ponctualité et régularité,Tram24,Casa Voyageurs,33.5898,-7.5898,Choix direct de la catégorie
2026-03-27 18:22:56,French,Comportement indésirable,Tram40,Abdelmoumen,33.5731,-7.6184,Choix direct de la catégorie
2026-03-27 18:42:38,Arabic,Informations voyageur,Tram28,Gare Casa Port,33.5992,-7.6125,Choix direct de la catégorie
2026-03-27 18:47:49,French,Equipements,Tram40,Technopark,33.535,-7.6322,Choix direct de la catégorie
2026-03-27 19:29:39,French,Informations voyageur,Tram26,Technopark,33.535,-7.6322,Choix direct de la catégorie
2026-03-27 20:54:22,French,Spam,Tram06,Casa Voyageurs,33.5898,-7.5898,Choix direct de la catégorie
2026-03-28 07:49:43,Arabic,Comportement du personnel,Tram19,Abdelmoumen,33.5731,-7.6184,Choix direct de la catégorie
2026-03-28 07:52:42,French,Informations voyageur,Tram15,Abdelmoumen,33.5731,-7.6184,Choix direct de la catégorie
2026-03-28 08:13:48,Arabic,Comportement du personnel,Tram10,Technopark,33.535,-7.6322,Choix direct de la catégorie
2026-03-28 08:23:47,French,Comportement du personnel,Tram39,Casa Voyageurs,33.5898,-7.5898,Choix direct de la catégorie
2026-03-28 08:42:02,Arabic,Comportement indésirable,Tram37,Technopark,33.535,-7.6322,Choix direct de la catégorie
2026-03-28 14:38:04,Arabic,Informations insuffisantes,Tram25,Technopark,33.535,-7.6322,Choix direct de la catégorie
2026-03-28 17:44:15,Arabic,Tarification,Tram29,Casa Voyageurs,33.5898,-7.5898,Choix direct de la catégorie
2026-03-28 18:45:09,French,Sécurité et sûreté,Tram08,Technopark,33.535,-7.6322,Choix direct de la catégorie
2026-03-28 18:50:01,Arabic,Informations insuffisantes,Tram38,Abdelmoumen,33.5731,-7.6184,Choix direct de la catégorie
2026-03-28 18:52:09,French,Equipements,Tram25,Nations Unies,33.5956,-7.6186,Choix direct de la catégorie
2026-03-28 19:26:41,French,Comportement indésirable,Tram22,Casa Voyageurs,33.5898,-7.5898,Choix direct de la catégorie
2026-03-29 07:26:26,French,Ponctualité et régularité,Tram26,Casa Voyageurs,33.5898,-7.5898,Choix direct de la catégorie
2026-03-29 08:11:25,French,Comportement indésirable,Tram02,Nations Unies,33.5956,-7.6186,Choix direct de la catégorie
2026-03-29 08:58:57,French,Tarification,Tram13,Nations Unies,33.5956,-7.6186,Choix direct de la catégorie
2026-03-29 09:02:07,French,Comportement du personnel,Tram27,Abdelmoumen,33.5731,-7.6184,Choix direct de la catégorie
2026-03-29 09:08:20,Arabic,Comportement indésirable,Tram17,Nations Unies,33.5956,-7.6186,Choix direct de la catégorie
2026-03-29 09:14:27,Arabic,Ponctualité et régularité,Tram17,Casa Voyageurs,33.5898,-7.5898,Choix direct de la catégorie
2026-03-29 09:19:25,Arabic,Informations insuffisantes,Tram04,Technopark,33.535,-7.6322,Choix direct de la catégorie
2026-03-29 09:26:09,Arabic,Ponctualité et régularité,Tram23,Abdelmoumen,33.5731,-7.6184,Choix direct de la catégorie
2026-03-29 12:59:30,French,Informations insuffisantes,Tram41,Casa Voyageurs,33.5898,-7.5898,Choix direct de la catégorie
2026-03-29 16:28:23,French,Informations insuffisantes,Tram34,Technopark,33.535,-7.6322,Choix direct de la catégorie
2026-03-29 17:30:32,Arabic,Spam,Tram40,Casa Voyageurs,33.5898,-7.5898,Choix direct de la catégorie
2026-03-29 18:44:14,Arabic,Tarification,Tram02,Technopark,33.535,-7.6322,Choix direct de la catégorie
2026-03-29 19:03:24,French,Informations insuffisantes,Tram38,Casa Voyageurs,33.5898,-7.5898,Choix direct de la catégorie
2026-03-30 07:44:08,Arabic,Ponctualité et régularité,Tram38,Casa Voyageurs,33.5898,-7.5898,Choix direct de la catégorie
2026-03-30 07:52:01,Arabic,Ponctualité et régularité,Tram35,Abdelmoumen,33.5731,-7.6184,Choix direct de la catégorie
2026-03-30 07:55:45,French,Spam,Tram05,Technopark,33.535,-7.6322,Choix direct de la catégorie
2026-03-30 08:07:48,French,Equipements,Tram32,Abdelmoumen,33.5731,-7.6184,Choix direct de la catégorie
2026-03-30 08:13:39,Arabic,Spam,Tram05,Abdelmoumen,33.5731,-7.6184,Choix direct de la catégorie
2026-03-30 08:19:59,Arabic,Ponctualité et régularité,Tram23,Gare Casa Port,33.5992,-7.6125,Choix direct de la catégorie
2026-03-30 08:30:49,Arabic,Sécurité et sûreté,Tram36,Abdelmoumen,33.5731,-7.6184,Choix direct de la catégorie
2026-03-30 08:45:40,French,Equipements,Tram32,Casa Voyageurs,33.5898,-7.5898,Choix direct de la catégorie
2026-03-30 08:49:46,Arabic,Sécurité et sûreté,Tram20,Nations Unies,33.5956,-7.6186,Choix direct de la catégorie
2026-03-30 08:58:19,French,Tarification,Tram15,Nations Unies,33.5956,-7.6186,Choix direct de la catégorie
2026-03-30 09:16:19,French,Comportement indésirable,Tram11,Abdelmoumen,33.5731,-7.6184,Choix direct de la catégorie
2026-03-30 09:30:20,Arabic,Informations insuffisantes,Tram25,Casa Voyageurs,33.5898,-7.5898,Choix direct de la catégorie
2026-03-30 09:30:49,French,Sécurité et sûreté,Tram42,Technopark,33.535,-7.6322,Choix direct de la catégorie
2026-03-30 17:01:02,Arabic,Informations voyageur,Tram12,Casa Voyageurs,33.5898,-7.5898,Choix direct de la catégorie
2026-03-30 17:11:40,Arabic,Comportement indésirable,Tram44,Abdelmoumen,33.5731,-7.6184,Choix direct de la catégorie
2026-03-30 17:11:41,Arabic,Comportement indésirable,Tram42,Abdelmoumen,33.5731,-7.6184,Choix direct de la catégorie
2026-03-30 17:50:51,French,Spam,Tram21,Casa Voyageurs,33.5898,-7.5898,Choix direct de la catégorie
2026-03-30 18:34:47,French,Sécurité et sûreté,Tram39,Technopark,33.535,-7.6322,Choix direct de la catégorie
2026-03-30 18:40:10,Arabic,Comportement du personnel,Tram20,Casa Voyageurs,33.5898,-7.5898,Choix direct de la catégorie
2026-03-30 18:42:48,French,Ponctualité et régularité,Tram06,Abdelmoumen,33.5731,-7.6184,Choix direct de la catégorie
2026-03-30 19:06:32,French,Ponctualité et régularité,Tram42,Abdelmoumen,33.5731,-7.6184,Choix direct de la catégorie
2026-03-31 07:35:36,French,Ponctualité et régularité,Tram09,Abdelmoumen,33.5731,-7.6184,Choix direct de la catégorie
2026-03-31 08:20:10,Arabic,Comportement du personnel,Tram14,Abdelmoumen,33.5731,-7.6184,Choix direct de la catégorie
2026-03-31 08:39:01,French,Sécurité et sûreté,Tram44,Casa Voyageurs,33.5898,-7.5898,Choix direct de la catégorie
2026-03-31 08:47:42,French,Equipements,Tram37,Technopark,33.535,-7.6322,Choix direct de la catégorie
2026-03-31 09:19:58,English,Comportement indésirable,Tram39,Casa Voyageurs,33.5898,-7.5898,Choix direct de la catégorie
2026-03-31 09:22:26,French,Informations voyageur,Tram04,Gare Casa Port,33.5992,-7.6125,Choix direct de la catégorie
2026-03-31 09:26:17,French,Spam,Tram35,Technopark,33.535,-7.6322,Choix direct de la catégorie
2026-03-31 09:29:33,Arabic,Ponctualité et régularité,Tram18,Casa Voyageurs,33.5898,-7.5898,Choix direct de la catégorie
2026-03-31 11:36:16,French,Ponctualité et régularité,Tram12,Casa Voyageurs,33.5898,-7.5898,Choix direct de la catégorie
2026-03-31 14:30:32,French,Equipements,Tram01,Casa Voyageurs,33.5898,-7.5898,Choix direct de la catégorie
2026-03-31 14:44:30,French,Informations insuffisantes,Tram27,Casa Voyageurs,33.5898,-7.5898,Choix direct de la catégorie
2026-03-31 16:43:40,French,Informations voyageur,Tram20,Abdelmoumen,33.5731,-7.6184,Choix direct de la catégorie
2026-03-31 18:07:44,Arabic,Comportement indésirable,Tram02,Abdelmoumen,33.5731,-7.6184,Choix direct de la catégorie
2026-03-31 18:49:17,English,Ponctualité et régularité,Tram20,Technopark,33.535,-7.6322,Choix direct de la catégorie
2026-03-31 18:51:48,French,Equipements,Tram41,Casa Voyageurs,33.5898,-7.5898,Choix direct de la catégorie
2026-03-31 19:47:23,French,Comportement indésirable,Tram35,Nations Unies,33.5956,-7.6186,Choix direct de la catégorie
2026-03-31 20:35:14,French,Sécurité et sûreté,Tram02,Technopark,33.535,-7.6322,Choix direct de la catégorie
2026-03-31 21:00:38,English,Equipements,Tram01,Abdelmoumen,33.5731,-7.6184,Choix direct de la catégorie
2026-03-31 22:42:12,French,Ponctualité et régularité,Tram38,Nations Unies,33.5956,-7.6186,Choix direct de la catégorie
2026-04-01 07:34:39,English,Comportement indésirable,Tram16,Casa Voyageurs,33.5898,-7.5898,Choix direct de la catégorie
2026-04-01 07:39:50,French,Ponctualité et régularité,Tram12,Casa Voyageurs,33.5898,-7.5898,Choix direct de la catégorie
2026-04-01 08:47:52,French,Comportement indésirable,Tram19,Casa Voyageurs,33.5898,-7.5898,Choix direct de la catégorie
2026-04-01 09:04:27,French,Sécurité et sûreté,Tram37,Technopark,33.535,-7.6322,Choix direct de la catégorie
2026-04-01 09:22:43,French,Ponctualité et régularité,Tram14,Technopark,33.535,-7.6322,Choix direct de la catégorie
2026-04-01 09:28:52,French,Sécurité et sûreté,Tram29,Abdelmoumen,33.5731,-7.6184,Choix direct de la catégorie
2026-04-01 14:26:52,French,Ponctualité et régularité,Tram08,Abdelmoumen,33.5731,-7.6184,Choix direct de la catégorie
2026-04-01 14:47:26,French,Informations voyageur,Tram41,Casa Voyageurs,33.5898,-7.5898,Choix direct de la catégorie
2026-04-01 17:58:25,French,Tarification,Tram35,Casa Voyageurs,33.5898,-7.5898,Choix direct de la catégorie
2026-04-01 18:10:05,French,Spam,Tram43,Technopark,33.535,-7.6322,Choix direct de la catégorie
2026-04-01 18:14:14,French,Informations insuffisantes,Tram37,Casa Voyageurs,33.5898,-7.5898,Choix direct de la catégorie
2026-04-01 18:26:26,French,Tarification,Tram41,Abdelmoumen,33.5731,-7.6184,Choix direct de la catégorie
2026-04-01 18:29:27,Arabic,Ponctualité et régularité,Tram03,Casa Voyageurs,33.5898,-7.5898,Choix direct de la catégorie
2026-04-01 19:09:10,French,Equipements,Tram26,Nations Unies,33.5956,-7.6186,Choix direct de la catégorie
2026-04-01 23:30:51,Arabic,Sécurité et sûreté,Tram04,Technopark,33.535,-7.6322,Choix direct de la catégorie
2026-04-02 06:01:37,French,Comportement indésirable,Tram07,Abdelmoumen,33.5731,-7.6184,Choix direct de la catégorie
2026-04-02 06:47:57,French,Ponctualité et régularité,Tram45,Abdelmoumen,33.5731,-7.6184,Choix direct de la catégorie
2026-04-02 07:13:45,English,Tarification,Tram02,Casa Voyageurs,33.5898,-7.5898,Choix direct de la catégorie
2026-04-02 07:39:29,French,Sécurité et sûreté,Tram03,Technopark,33.535,-7.6322,Choix direct de la catégorie
2026-04-02 07:48:14,French,Equipements,Tram19,Technopark,33.535,-7.6322,Choix direct de la catégorie
2026-04-02 08:04:52,French,Sécurité et sûreté,Tram06,Abdelmoumen,33.5731,-7.6184,Choix direct de la catégorie
2026-04-02 08:43:24,French,Informations insuffisantes,Tram19,Abdelmoumen,33.5731,-7.6184,Choix direct de la catégorie
2026-04-02 08:50:44,Arabic,Sécurité et sûreté,Tram16,Abdelmoumen,33.5731,-7.6184,Choix direct de la catégorie
2026-04-02 09:15:03,Arabic,Informations insuffisantes,Tram35,Casa Voyageurs,33.5898,-7.5898,Choix direct de la catégorie
2026-04-02 09:19:48,Arabic,Informations voyageur,Tram03,Technopark,33.535,-7.6322,Choix direct de la catégorie
2026-04-02 10:35:58,Arabic,Informations insuffisantes,Tram27,Abdelmoumen,33.5731,-7.6184,Choix direct de la catégorie
2026-04-02 13:35:18,French,Informations voyageur,Tram33,Nations Unies,33.5956,-7.6186,Choix direct de la catégorie
2026-04-02 17:12:30,French,Comportement indésirable,Tram42,Nations Unies,33.5956,-7.6186,Choix direct de la catégorie
2026-04-02 17:31:51,Arabic,Spam,Tram43,Technopark,33.535,-7.6322,Choix direct de la catégorie
2026-04-02 19:03:44,French,Informations voyageur,Tram36,Abdelmoumen,33.5731,-7.6184,Choix direct de la catégorie
2026-04-02 19:53:01,French,Spam,Tram26,Abdelmoumen,33.5731,-7.6184,Choix direct de la catégorie
2026-04-02 21:28:56,French,Ponctualité et régularité,Tram31,Technopark,33.535,-7.6322,Choix direct de la catégorie
2026-04-03 06:46:45,French,Informations voyageur,Tram28,Abdelmoumen,33.5731,-7.6184,Choix direct de la catégorie
2026-04-03 07:33:21,French,Comportement du personnel,Tram39,Abdelmoumen,33.5731,-7.6184,Choix direct de la catégorie
2026-04-03 07:49:51,French,Equipements,Tram04,Casa Voyageurs,33.5898,-7.5898,Choix direct de la catégorie
2026-04-03 07:50:43,English,Tarification,Tram30,Abdelmoumen,33.5731,-7.6184,Choix direct de la catégorie
2026-04-03 07:54:24,Arabic,Tarification,Tram01,Abdelmoumen,33.5731,-7.6184,Choix direct de la catégorie
2026-04-03 07:56:09,French,Tarification,Tram27,Technopark,33.535,-7.6322,Choix direct de la catégorie
2026-04-03 07:56:52,Arabic,Ponctualité et régularité,Tram29,Casa Voyageurs,33.5898,-7.5898,Choix direct de la catégorie
2026-04-03 08:16:34,French,Ponctualité et régularité,Tram20,Abdelmoumen,33.5731,-7.6184,Choix direct de la catégorie
2026-04-03 08:36:19,French,Informations insuffisantes,Tram16,Abdelmoumen,33.5731,-7.6184,Choix direct de la catégorie
2026-04-03 09:12:40,Arabic,Equipements,Tram05,Nations Unies,33.5956,-7.6186,Choix direct de la catégorie
2026-04-03 17:27:05,Arabic,Ponctualité et régularité,Tram21,Abdelmoumen,33.5731,-7.6184,Choix direct de la catégorie
2026-04-03 18:09:10,French,Equipements,Tram06,Abdelmoumen,33.5731,-7.6184,Choix direct de la catégorie
2026-04-03 19:02:40,French,Ponctualité et régularité,Tram28,Abdelmoumen,33.5731,-7.6184,Choix direct de la catégorie
2026-04-03 19:09:02,French,Sécurité et sûreté,Tram23,Abdelmoumen,33.5731,-7.6184,Choix direct de la catégorie
2026-04-04 06:39:28,French,Comportement du personnel,Tram03,Casa Voyageurs,33.5898,-7.5898,Choix direct de la catégorie
2026-04-04 07:40:59,Arabic,Spam,Tram40,Abdelmoumen,33.5731,-7.6184,Choix direct de la catégorie
2026-04-04 07:51:36,Arabic,Informations voyageur,Tram43,Abdelmoumen,33.5731,-7.6184,Choix direct de la catégorie
2026-04-04 08:26:59,Arabic,Comportement indésirable,Tram09,Technopark,33.535,-7.6322,Choix direct de la catégorie
2026-04-04 08:29:26,French,Informations insuffisantes,Tram02,Technopark,33.535,-7.6322,Choix direct de la catégorie
2026-04-04 09:21:26,Arabic,Sécurité et sûreté,Tram03,Abdelmoumen,33.5731,-7.6184,Choix direct de la catégorie
2026-04-04 10:12:37,French,Comportement indésirable,Tram22,Abdelmoumen,33.5731,-7.6184,Choix direct de la catégorie
2026-04-04 10:19:57,French,Spam,Tram34,Gare Casa Port,33.5992,-7.6125,Choix direct de la catégorie
2026-04-04 19:27:55,French,Comportement du personnel,Tram11,Technopark,33.535,-7.6322,Choix direct de la catégorie
2026-04-04 19:30:05,Arabic,Sécurité et sûreté,Tram30,Abdelmoumen,33.5731,-7.6184,Choix direct de la catégorie
2026-04-04 21:00:16,French,Comportement indésirable,Tram44,Abdelmoumen,33.5731,-7.6184,Choix direct de la catégorie
2026-04-05 06:11:05,French,Ponctualité et régularité,Tram42,Technopark,33.535,-7.6322,Choix direct de la catégorie
2026-04-05 06:28:00,Arabic,Ponctualité et régularité,Tram45,Casa Voyageurs,33.5898,-7.5898,Choix direct de la catégorie
2026-04-05 07:35:27,Arabic,Informations insuffisantes,Tram07,Casa Voyageurs,33.5898,-7.5898,Choix direct de la catégorie
2026-04-05 07:44:05,French,Informations insuffisantes,Tram38,Technopark,33.535,-7.6322,Choix direct de la catégorie
2026-04-05 07:49:09,French,Sécurité et sûreté,Tram26,Casa Voyageurs,33.5898,-7.5898,Choix direct de la catégorie
2026-04-05 07:54:39,French,Sécurité et sûreté,Tram22,Technopark,33.535,-7.6322,Choix direct de la catégorie
2026-04-05 07:58:50,French,Ponctualité et régularité,Tram08,Casa Voyageurs,33.5898,-7.5898,Choix direct de la catégorie
2026-04-05 08:11:43,Arabic,Comportement du personnel,Tram31,Casa Voyageurs,33.5898,-7.5898,Choix direct de la catégorie
2026-04-05 08:38:21,French,Informations voyageur,Tram24,Casa Voyageurs,33.5898,-7.5898,Choix direct de la catégorie
2026-04-05 15:25:03,Arabic,Ponctualité et régularité,Tram17,Gare Casa Port,33.5992,-7.6125,Choix direct de la catégorie
2026-04-05 17:31:16,French,Spam,Tram24,Abdelmoumen,33.5731,-7.6184,Choix direct de la catégorie
2026-04-05 18:14:09,Arabic,Tarification,Tram03,Technopark,33.535,-7.6322,Choix direct de la catégorie
2026-04-05 18:48:57,Arabic,Tarification,Tram32,Nations Unies,33.5956,-7.6186,Choix direct de la catégorie
2026-04-05 19:19:37,French,Tarification,Tram45,Abdelmoumen,33.5731,-7.6184,Choix direct de la catégorie
2026-04-05 20:13:55,French,Equipements,Tram01,Nations Unies,33.5956,-7.6186,Choix direct de la catégorie
2026-04-05 21:46:54,French,Ponctualité et régularité,Tram25,Technopark,33.535,-7.6322,Choix direct de la catégorie
2026-04-06 07:19:01,French,Equipements,Tram05,Casa Voyageurs,33.5898,-7.5898,Choix direct de la catégorie
2026-04-06 07:56:59,French,Ponctualité et régularité,Tram36,Casa Voyageurs,33.5898,-7.5898,Choix direct de la catégorie
2026-04-06 08:27:40,Arabic,Equipements,Tram31,Nations Unies,33.5956,-7.6186,Choix direct de la catégorie
2026-04-06 08:32:05,French,Comportement indésirable,Tram20,Nations Unies,33.5956,-7.6186,Choix direct de la catégorie
2026-04-06 08:47:24,Arabic,Equipements,Tram42,Abdelmoumen,33.5731,-7.6184,Choix direct de la catégorie
2026-04-06 13:42:28,French,Comportement du personnel,Tram14,Casa Voyageurs,33.5898,-7.5898,Choix direct de la catégorie
2026-04-06 15:07:39,Arabic,Informations insuffisantes,Tram29,Technopark,33.535,-7.6322,Choix direct de la catégorie
2026-04-06 17:24:16,English,Tarification,Tram04,Casa Voyageurs,33.5898,-7.5898,Choix direct de la catégorie
2026-04-06 17:26:53,French,Equipements,Tram05,Casa Voyageurs,33.5898,-7.5898,Choix direct de la catégorie
2026-04-06 18:27:16,Arabic,Ponctualité et régularité,Tram03,Abdelmoumen,33.5731,-7.6184,Choix direct de la catégorie
2026-04-06 19:03:43,French,Comportement du personnel,Tram02,Casa Voyageurs,33.5898,-7.5898,Choix direct de la catégorie
2026-04-06 19:20:04,Arabic,Informations voyageur,Tram37,Technopark,33.535,-7.6322,Choix direct de la catégorie
2026-04-07 06:03:06,French,Comportement du personnel,Tram45,Nations Unies,33.5956,-7.6186,Choix direct de la catégorie
2026-04-07 06:51:54,French,Spam,Tram40,Casa Voyageurs,33.5898,-7.5898,Choix direct de la catégorie
2026-04-07 07:18:07,Arabic,Tarification,Tram21,Abdelmoumen,33.5731,-7.6184,Choix direct de la catégorie
2026-04-07 08:27:45,French,Comportement du personnel,Tram34,Abdelmoumen,33.5731,-7.6184,Choix direct de la catégorie
2026-04-07 09:09:00,Arabic,Sécurité et sûreté,Tram18,Technopark,33.535,-7.6322,Choix direct de la catégorie
2026-04-07 09:11:49,Arabic,Equipements,Tram24,Abdelmoumen,33.5731,-7.6184,Choix direct de la catégorie
2026-04-07 09:19:08,French,Equipements,Tram27,Abdelmoumen,33.5731,-7.6184,Choix direct de la catégorie
2026-04-07 09:30:54,French,Tarification,Tram27,Casa Voyageurs,33.5898,-7.5898,Choix direct de la catégorie
2026-04-07 15:23:47,Arabic,Sécurité et sûreté,Tram25,Abdelmoumen,33.5731,-7.6184,Choix direct de la catégorie
2026-04-07 17:47:10,French,Comportement du personnel,Tram09,Abdelmoumen,33.5731,-7.6184,Choix direct de la catégorie
2026-04-07 18:06:16,French,Comportement indésirable,Tram20,Technopark,33.535,-7.6322,Choix direct de la catégorie
2026-04-07 19:04:46,Arabic,Informations voyageur,Tram09,Abdelmoumen,33.5731,-7.6184,Choix direct de la catégorie
2026-04-07 19:08:34,French,Equipements,Tram05,Abdelmoumen,33.5731,-7.6184,Choix direct de la catégorie
2026-04-07 19:11:30,French,Informations voyageur,Tram34,Nations Unies,33.5956,-7.6186,Choix direct de la catégorie
2026-04-08 06:20:38,Arabic,Sécurité et sûreté,Tram40,Casa Voyageurs,33.5898,-7.5898,Choix direct de la catégorie
2026-04-08 06:47:37,French,Comportement du personnel,Tram30,Casa Voyageurs,33.5898,-7.5898,Choix direct de la catégorie
2026-04-08 07:46:35,French,Equipements,Tram17,Abdelmoumen,33.5731,-7.6184,Choix direct de la catégorie
2026-04-08 08:30:53,Arabic,Equipements,Tram32,Gare Casa Port,33.5992,-7.6125,Choix direct de la catégorie
2026-04-08 08:33:04,Arabic,Sécurité et sûreté,Tram37,Nations Unies,33.5956,-7.6186,Choix direct de la catégorie
2026-04-08 08:39:50,Arabic,Equipements,Tram05,Abdelmoumen,33.5731,-7.6184,Choix direct de la catégorie
2026-04-08 10:35:09,Arabic,Comportement indésirable,Tram04,Nations Unies,33.5956,-7.6186,Choix direct de la catégorie
2026-04-08 16:51:37,French,Informations voyageur,Tram02,Gare Casa Port,33.5992,-7.6125,Choix direct de la catégorie
2026-04-08 17:24:39,Arabic,Equipements,Tram38,Technopark,33.535,-7.6322,Choix direct de la catégorie
2026-04-08 17:36:22,French,Informations voyageur,Tram15,Abdelmoumen,33.5731,-7.6184,Choix direct de la catégorie
2026-04-08 17:58:21,French,Spam,Tram26,Casa Voyageurs,33.5898,-7.5898,Choix direct de la catégorie
2026-04-08 17:58:32,French,Informations insuffisantes,Tram35,Casa Voyageurs,33.5898,-7.5898,Choix direct de la catégorie
2026-04-08 18:51:59,French,Ponctualité et régularité,Tram16,Casa Voyageurs,33.5898,-7.5898,Choix direct de la catégorie
2026-04-08 21:16:00,Arabic,Equipements,Tram35,Casa Voyageurs,33.5898,-7.5898,Choix direct de la catégorie
2026-04-09 06:43:04,French,Equipements,Tram41,Nations Unies,33.5956,-7.6186,Choix direct de la catégorie
2026-04-09 07:26:42,French,Spam,Tram13,Gare Casa Port,33.5992,-7.6125,Choix direct de la catégorie
2026-04-09 08:26:50,French,Equipements,Tram22,Technopark,33.535,-7.6322,Choix direct de la catégorie
2026-04-09 08:29:16,French,Comportement indésirable,Tram14,Abdelmoumen,33.5731,-7.6184,Choix direct de la catégorie
2026-04-09 12:33:57,French,Informations voyageur,Tram30,Abdelmoumen,33.5731,-7.6184,Choix direct de la catégorie
2026-04-09 17:04:00,French,Tarification,Tram30,Technopark,33.535,-7.6322,Choix direct de la catégorie
2026-04-09 17:20:40,French,Comportement indésirable,Tram35,Casa Voyageurs,33.5898,-7.5898,Choix direct de la catégorie
2026-04-09 17:25:29,Arabic,Informations insuffisantes,Tram28,Abdelmoumen,33.5731,-7.6184,Choix direct de la catégorie
2026-04-09 17:30:31,French,Sécurité et sûreté,Tram15,Abdelmoumen,33.5731,-7.6184,Choix direct de la catégorie
2026-04-09 17:31:35,French,Ponctualité et régularité,Tram14,Abdelmoumen,33.5731,-7.6184,Choix direct de la catégorie
2026-04-09 19:21:35,French,Informations voyageur,Tram39,Casa Voyageurs,33.5898,-7.5898,Choix direct de la catégorie
2026-04-09 20:48:32,Arabic,Equipements,Tram37,Abdelmoumen,33.5731,-7.6184,Choix direct de la catégorie
2026-04-09 22:41:57,French,Informations insuffisantes,Tram27,Casa Voyageurs,33.5898,-7.5898,Choix direct de la catégorie
2026-04-10 06:22:10,Arabic,Equipements,Tram07,Gare Casa Port,33.5992,-7.6125,Choix direct de la catégorie
2026-04-10 07:09:26,Arabic,Tarification,Tram33,Abdelmoumen,33.5731,-7.6184,Choix direct de la catégorie
2026-04-10 07:34:24,French,Equipements,Tram13,Casa Voyageurs,33.5898,-7.5898,Choix direct de la catégorie
2026-04-10 07:48:08,Arabic,Informations voyageur,Tram30,Nations Unies,33.5956,-7.6186,Choix direct de la catégorie
2026-04-10 08:32:50,Arabic,Comportement du personnel,Tram03,Casa Voyageurs,33.5898,-7.5898,Choix direct de la catégorie
2026-04-10 08:36:28,Arabic,Comportement indésirable,Tram29,Casa Voyageurs,33.5898,-7.5898,Choix direct de la catégorie
2026-04-10 08:51:39,Arabic,Informations voyageur,Tram37,Abdelmoumen,33.5731,-7.6184,Choix direct de la catégorie
2026-04-10 08:53:34,French,Spam,Tram29,Nations Unies,33.5956,-7.6186,Choix direct de la catégorie
2026-04-10 17:30:58,French,Sécurité et sûreté,Tram15,Casa Voyageurs,33.5898,-7.5898,Choix direct de la catégorie
2026-04-10 17:57:41,French,Tarification,Tram29,Casa Voyageurs,33.5898,-7.5898,Choix direct de la catégorie
2026-04-10 17:58:45,Arabic,Tarification,Tram33,Technopark,33.535,-7.6322,Choix direct de la catégorie
2026-04-10 18:30:36,French,Informations insuffisantes,Tram20,Abdelmoumen,33.5731,-7.6184,Choix direct de la catégorie
2026-04-10 18:39:29,Arabic,Ponctualité et régularité,Tram07,Abdelmoumen,33.5731,-7.6184,Choix direct de la catégorie
2026-04-10 19:04:29,Arabic,Informations voyageur,Tram31,Nations Unies,33.5956,-7.6186,Choix direct de la catégorie
2026-04-10 19:34:27,French,Sécurité et sûreté,Tram43,Abdelmoumen,33.5731,-7.6184,Choix direct de la catégorie
2026-04-11 06:03:09,French,Spam,Tram08,Casa Voyageurs,33.5898,-7.5898,Choix direct de la catégorie
2026-04-11 06:48:53,Arabic,Sécurité et sûreté,Tram09,Abdelmoumen,33.5731,-7.6184,Choix direct de la catégorie
2026-04-11 07:48:37,Arabic,Informations insuffisantes,Tram07,Casa Voyageurs,33.5898,-7.5898,Choix direct de la catégorie
2026-04-11 08:03:46,Arabic,Informations voyageur,Tram18,Abdelmoumen,33.5731,-7.6184,Choix direct de la catégorie
2026-04-11 08:06:25,French,Informations voyageur,Tram02,Casa Voyageurs,33.5898,-7.5898,Choix direct de la catégorie
2026-04-11 08:07:35,French,Spam,Tram16,Technopark,33.535,-7.6322,Choix direct de la catégorie
2026-04-11 08:08:45,Arabic,Ponctualité et régularité,Tram02,Abdelmoumen,33.5731,-7.6184,Choix direct de la catégorie
2026-04-11 08:10:53,Arabic,Comportement du personnel,Tram36,Casa Voyageurs,33.5898,-7.5898,Choix direct de la catégorie
2026-04-11 08:48:00,Arabic,Comportement indésirable,Tram19,Nations Unies,33.5956,-7.6186,Choix direct de la catégorie
2026-04-11 08:53:44,Arabic,Equipements,Tram11,Casa Voyageurs,33.5898,-7.5898,Choix direct de la catégorie
2026-04-11 17:08:23,French,Equipements,Tram23,Abdelmoumen,33.5731,-7.6184,Choix direct de la catégorie
2026-04-11 17:47:05,French,Comportement du personnel,Tram34,Abdelmoumen,33.5731,-7.6184,Choix direct de la catégorie
2026-04-11 23:06:30,French,Comportement du personnel,Tram25,Nations Unies,33.5956,-7.6186,Choix direct de la catégorie
2026-04-12 07:36:44,Arabic,Tarification,Tram15,Abdelmoumen,33.5731,-7.6184,Choix direct de la catégorie
2026-04-12 09:02:07,French,Spam,Tram42,Nations Unies,33.5956,-7.6186,Choix direct de la catégorie
2026-04-12 09:51:58,Arabic,Tarification,Tram34,Gare Casa Port,33.5992,-7.6125,Choix direct de la catégorie
2026-04-12 10:17:20,Arabic,Sécurité et sûreté,Tram35,Abdelmoumen,33.5731,-7.6184,Choix direct de la catégorie
2026-04-12 17:08:14,Arabic,Comportement du personnel,Tram23,Casa Voyageurs,33.5898,-7.5898,Choix direct de la catégorie
2026-04-12 17:48:13,French,Tarification,Tram13,Casa Voyageurs,33.5898,-7.5898,Choix direct de la catégorie
2026-04-12 18:27:20,French,Informations insuffisantes,Tram35,Nations Unies,33.5956,-7.6186,Choix direct de la catégorie
2026-04-12 20:24:01,French,Informations voyageur,Tram26,Casa Voyageurs,33.5898,-7.5898,Choix direct de la catégorie
2026-04-12 21:41:49,French,Ponctualité et régularité,Tram12,Abdelmoumen,33.5731,-7.6184,Choix direct de la catégorie
2026-04-13 06:02:55,English,Comportement du personnel,Tram11,Technopark,33.535,-7.6322,Choix direct de la catégorie
2026-04-13 07:32:42,English,Comportement du personnel,Tram23,Gare Casa Port,33.5992,-7.6125,Choix direct de la catégorie
2026-04-13 07:38:29,Arabic,Equipements,Tram42,Abdelmoumen,33.5731,-7.6184,Choix direct de la catégorie
2026-04-13 07:45:40,French,Spam,Tram28,Abdelmoumen,33.5731,-7.6184,Choix direct de la catégorie
2026-04-13 08:05:19,Arabic,Informations voyageur,Tram02,Abdelmoumen,33.5731,-7.6184,Choix direct de la catégorie
2026-04-13 09:05:09,French,Equipements,Tram11,Casa Voyageurs,33.5898,-7.5898,Choix direct de la catégorie
2026-04-13 11:19:42,Arabic,Equipements,Tram11,Abdelmoumen,33.5731,-7.6184,Choix direct de la catégorie
2026-04-13 17:36:12,Arabic,Equipements,Tram01,Abdelmoumen,33.5731,-7.6184,Choix direct de la catégorie
2026-04-13 17:41:08,French,Sécurité et sûreté,Tram44,Casa Voyageurs,33.5898,-7.5898,Choix direct de la catégorie
2026-04-13 17:58:48,French,Ponctualité et régularité,Tram02,Nations Unies,33.5956,-7.6186,Choix direct de la catégorie
2026-04-13 18:13:27,French,Ponctualité et régularité,Tram30,Technopark,33.535,-7.6322,Choix direct de la catégorie
2026-04-13 19:10:38,French,Tarification,Tram15,Abdelmoumen,33.5731,-7.6184,Choix direct de la catégorie
2026-04-13 19:21:53,French,Sécurité et sûreté,Tram13,Gare Casa Port,33.5992,-7.6125,Choix direct de la catégorie
2026-04-13 20:21:44,French,Equipements,Tram07,Nations Unies,33.5956,-7.6186,Choix direct de la catégorie
2026-04-14 06:44:30,Arabic,Informations voyageur,Tram24,Technopark,33.535,-7.6322,Choix direct de la catégorie
2026-04-14 07:35:58,English,Sécurité et sûreté,Tram41,Abdelmoumen,33.5731,-7.6184,Choix direct de la catégorie
2026-04-14 07:52:03,French,Sécurité et sûreté,Tram43,Abdelmoumen,33.5731,-7.6184,Choix direct de la catégorie
2026-04-14 07:58:54,Arabic,Comportement du personnel,Tram13,Technopark,33.535,-7.6322,Choix direct de la catégorie
2026-04-14 08:16:56,French,Comportement du personnel,Tram23,Casa Voyageurs,33.5898,-7.5898,Choix direct de la catégorie
2026-04-14 08:31:59,Arabic,Sécurité et sûreté,Tram19,Nations Unies,33.5956,-7.6186,Choix direct de la catégorie
2026-04-14 08:42:01,French,Tarification,Tram28,Gare Casa Port,33.5992,-7.6125,Choix direct de la catégorie
2026-04-14 09:30:59,French,Comportement du personnel,Tram30,Abdelmoumen,33.5731,-7.6184,Choix direct de la catégorie
2026-04-14 11:31:59,Arabic,Comportement indésirable,Tram23,Nations Unies,33.5956,-7.6186,Choix direct de la catégorie
2026-04-14 13:13:42,French,Tarification,Tram28,Gare Casa Port,33.5992,-7.6125,Choix direct de la catégorie
2026-04-14 17:09:55,Arabic,Informations voyageur,Tram23,Casa Voyageurs,33.5898,-7.5898,Choix direct de la catégorie
2026-04-14 17:10:35,French,Comportement indésirable,Tram15,Casa Voyageurs,33.5898,-7.5898,Choix direct de la catégorie
2026-04-14 17:33:03,Arabic,Informations insuffisantes,Tram18,Casa Voyageurs,33.5898,-7.5898,Choix direct de la catégorie
2026-04-14 17:45:08,French,Tarification,Tram35,Technopark,33.535,-7.6322,Choix direct de la catégorie
2026-04-14 18:13:41,French,Tarification,Tram27,Abdelmoumen,33.5731,-7.6184,Choix direct de la catégorie
2026-04-14 18:21:28,French,Sécurité et sûreté,Tram43,Abdelmoumen,33.5731,-7.6184,Choix direct de la catégorie
2026-04-14 18:34:11,Arabic,Spam,Tram14,Casa Voyageurs,33.5898,-7.5898,Choix direct de la catégorie
2026-04-14 18:42:55,Arabic,Equipements,Tram42,Abdelmoumen,33.5731,-7.6184,Choix direct de la catégorie
2026-04-14 18:48:31,French,Tarification,Tram36,Technopark,33.535,-7.6322,Choix direct de la catégorie
2026-04-14 19:25:40,French,Comportement du personnel,Tram42,Technopark,33.535,-7.6322,Choix direct de la catégorie
2026-04-15 07:05:07,Arabic,Comportement du personnel,Tram37,Abdelmoumen,33.5731,-7.6184,Choix direct de la catégorie
2026-04-15 07:40:18,French,Informations insuffisantes,Tram25,Abdelmoumen,33.5731,-7.6184,Choix direct de la catégorie
2026-04-15 07:52:12,French,Informations voyageur,Tram06,Gare Casa Port,33.5992,-7.6125,Choix direct de la catégorie
2026-04-15 08:22:58,Arabic,Ponctualité et régularité,Tram14,Casa Voyageurs,33.5898,-7.5898,Choix direct de la catégorie
2026-04-15 08:27:03,French,Comportement du personnel,Tram33,Nations Unies,33.5956,-7.6186,Choix direct de la catégorie
2026-04-15 08:47:35,Arabic,Sécurité et sûreté,Tram01,Abdelmoumen,33.5731,-7.6184,Choix direct de la catégorie
2026-04-15 08:56:51,French,Informations voyageur,Tram26,Abdelmoumen,33.5731,-7.6184,Choix direct de la catégorie
2026-04-15 09:02:17,Arabic,Informations voyageur,Tram25,Abdelmoumen,33.5731,-7.6184,Choix direct de la catégorie
2026-04-15 09:05:42,French,Spam,Tram32,Gare Casa Port,33.5992,-7.6125,Choix direct de la catégorie
2026-04-15 09:06:42,French,Comportement indésirable,Tram27,Gare Casa Port,33.5992,-7.6125,Choix direct de la catégorie
2026-04-15 13:20:30,Arabic,Ponctualité et régularité,Tram07,Nations Unies,33.5956,-7.6186,Choix direct de la catégorie
2026-04-15 13:39:16,Arabic,Ponctualité et régularité,Tram04,Gare Casa Port,33.5992,-7.6125,Choix direct de la catégorie
2026-04-15 17:38:01,French,Sécurité et sûreté,Tram34,Abdelmoumen,33.5731,-7.6184,Choix direct de la catégorie
2026-04-15 18:01:42,English,Ponctualité et régularité,Tram35,Nations Unies,33.5956,-7.6186,Choix direct de la catégorie
2026-04-15 18:03:02,French,Spam,Tram37,Abdelmoumen,33.5731,-7.6184,Choix direct de la catégorie
2026-04-15 18:11:36,French,Comportement indésirable,Tram11,Abdelmoumen,33.5731,-7.6184,Choix direct de la catégorie
2026-04-15 18:26:42,French,Ponctualité et régularité,Tram16,Casa Voyageurs,33.5898,-7.5898,Choix direct de la catégorie
2026-04-15 18:30:32,French,Spam,Tram21,Technopark,33.535,-7.6322,Choix direct de la catégorie
2026-04-15 18:35:17,French,Ponctualité et régularité,Tram27,Abdelmoumen,33.5731,-7.6184,Choix direct de la catégorie
2026-04-15 18:38:14,French,Informations voyageur,Tram03,Casa Voyageurs,33.5898,-7.5898,Choix direct de la catégorie
2026-04-15 19:11:17,Arabic,Ponctualité et régularité,Tram26,Casa Voyageurs,33.5898,-7.5898,Choix direct de la catégorie
2026-04-16 06:46:42,French,Tarification,Tram15,Technopark,33.535,-7.6322,Choix direct de la catégorie
2026-04-16 07:31:07,Arabic,Comportement indésirable,Tram26,Gare Casa Port,33.5992,-7.6125,Choix direct de la catégorie
2026-04-16 07:33:55,French,Spam,Tram33,Technopark,33.535,-7.6322,Choix direct de la catégorie
2026-04-16 07:41:24,Arabic,Tarification,Tram11,Abdelmoumen,33.5731,-7.6184,Choix direct de la catégorie
2026-04-16 08:06:28,French,Sécurité et sûreté,Tram45,Technopark,33.535,-7.6322,Choix direct de la catégorie
2026-04-16 08:09:10,Arabic,Spam,Tram30,Technopark,33.535,-7.6322,Choix direct de la catégorie
2026-04-16 08:20:31,Arabic,Informations insuffisantes,Tram43,Abdelmoumen,33.5731,-7.6184,Choix direct de la catégorie
2026-04-16 09:03:28,Arabic,Equipements,Tram28,Technopark,33.535,-7.6322,Choix direct de la catégorie
2026-04-16 09:03:37,Arabic,Comportement du personnel,Tram42,Casa Voyageurs,33.5898,-7.5898,Choix direct de la catégorie
2026-04-16 09:27:11,Arabic,Informations voyageur,Tram19,Abdelmoumen,33.5731,-7.6184,Choix direct de la catégorie
2026-04-16 10:54:59,Arabic,Sécurité et sûreté,Tram32,Casa Voyageurs,33.5898,-7.5898,Choix direct de la catégorie
2026-04-16 13:02:07,French,Comportement indésirable,Tram08,Abdelmoumen,33.5731,-7.6184,Choix direct de la catégorie
2026-04-16 14:44:02,French,Equipements,Tram08,Abdelmoumen,33.5731,-7.6184,Choix direct de la catégorie
2026-04-16 17:29:19,Arabic,Tarification,Tram14,Abdelmoumen,33.5731,-7.6184,Choix direct de la catégorie
2026-04-16 18:06:54,French,Equipements,Tram43,Casa Voyageurs,33.5898,-7.5898,Choix direct de la catégorie
2026-04-16 21:39:45,French,Tarification,Tram13,Nations Unies,33.5956,-7.6186,Choix direct de la catégorie
2026-04-16 22:08:10,French,Tarification,Tram30,Abdelmoumen,33.5731,-7.6184,Choix direct de la catégorie
2026-04-16 23:15:33,French,Comportement indésirable,Tram19,Abdelmoumen,33.5731,-7.6184,Choix direct de la catégorie
2026-04-17 06:28:14,French,Tarification,Tram13,Casa Voyageurs,33.5898,-7.5898,Choix direct de la catégorie
2026-04-17 07:06:15,Arabic,Comportement du personnel,Tram07,Technopark,33.535,-7.6322,Choix direct de la catégorie
2026-04-17 07:14:00,Arabic,Informations voyageur,Tram17,Abdelmoumen,33.5731,-7.6184,Choix direct de la catégorie
2026-04-17 08:15:56,French,Ponctualité et régularité,Tram27,Casa Voyageurs,33.5898,-7.5898,Choix direct de la catégorie
2026-04-17 08:36:49,French,Spam,Tram21,Gare Casa Port,33.5992,-7.6125,Choix direct de la catégorie
2026-04-17 08:51:34,French,Tarification,Tram04,Abdelmoumen,33.5731,-7.6184,Choix direct de la catégorie
2026-04-17 09:02:35,French,Equipements,Tram05,Gare Casa Port,33.5992,-7.6125,Choix direct de la catégorie
2026-04-17 16:24:07,French,Ponctualité et régularité,Tram08,Nations Unies,33.5956,-7.6186,Choix direct de la catégorie
2026-04-17 17:11:26,Arabic,Ponctualité et régularité,Tram12,Casa Voyageurs,33.5898,-7.5898,Choix direct de la catégorie
2026-04-17 17:14:24,French,Equipements,Tram15,Nations Unies,33.5956,-7.6186,Choix direct de la catégorie
2026-04-17 17:18:11,Arabic,Comportement indésirable,Tram40,Technopark,33.535,-7.6322,Choix direct de la catégorie
2026-04-17 18:04:26,French,Sécurité et sûreté,Tram12,Casa Voyageurs,33.5898,-7.5898,Choix direct de la catégorie
2026-04-17 18:22:09,French,Tarification,Tram38,Casa Voyageurs,33.5898,-7.5898,Choix direct de la catégorie
2026-04-17 18:58:00,Arabic,Tarification,Tram07,Technopark,33.535,-7.6322,Choix direct de la catégorie
2026-04-17 19:15:07,French,Informations insuffisantes,Tram06,Casa Voyageurs,33.5898,-7.5898,Choix direct de la catégorie
2026-04-17 20:53:24,Arabic,Equipements,Tram15,Nations Unies,33.5956,-7.6186,Choix direct de la catégorie
2026-04-18 06:14:16,Arabic,Informations voyageur,Tram03,Abdelmoumen,33.5731,-7.6184,Choix direct de la catégorie
2026-04-18 06:34:44,French,Ponctualité et régularité,Tram09,Casa Voyageurs,33.5898,-7.5898,Choix direct de la catégorie
2026-04-18 07:10:10,French,Ponctualité et régularité,Tram10,Casa Voyageurs,33.5898,-7.5898,Choix direct de la catégorie
2026-04-18 07:28:41,English,Informations voyageur,Tram32,Nations Unies,33.5956,-7.6186,Choix direct de la catégorie
2026-04-18 07:31:11,French,Tarification,Tram18,Gare Casa Port,33.5992,-7.6125,Choix direct de la catégorie
2026-04-18 09:23:34,Arabic,Comportement du personnel,Tram29,Technopark,33.535,-7.6322,Choix direct de la catégorie
2026-04-18 11:12:22,French,Ponctualité et régularité,Tram40,Abdelmoumen,33.5731,-7.6184,Choix direct de la catégorie
2026-04-18 17:45:31,French,Ponctualité et régularité,Tram32,Technopark,33.535,-7.6322,Choix direct de la catégorie
2026-04-18 18:18:27,Arabic,Ponctualité et régularité,Tram24,Nations Unies,33.5956,-7.6186,Choix direct de la catégorie
2026-04-18 18:34:30,French,Equipements,Tram42,Abdelmoumen,33.5731,-7.6184,Choix direct de la catégorie
2026-04-18 18:51:16,French,Spam,Tram22,Abdelmoumen,33.5731,-7.6184,Choix direct de la catégorie
2026-04-18 19:13:27,French,Equipements,Tram21,Nations Unies,33.5956,-7.6186,Choix direct de la catégorie
2026-04-18 19:27:54,French,Tarification,Tram08,Gare Casa Port,33.5992,-7.6125,Choix direct de la catégorie
2026-04-18 19:30:45,French,Sécurité et sûreté,Tram41,Casa Voyageurs,33.5898,-7.5898,Choix direct de la catégorie
2026-04-18 22:42:59,French,Comportement du personnel,Tram26,Casa Voyageurs,33.5898,-7.5898,Choix direct de la catégorie
2026-04-19 06:35:59,French,Spam,Tram34,Nations Unies,33.5956,-7.6186,Choix direct de la catégorie
2026-04-19 06:45:03,French,Tarification,Tram20,Nations Unies,33.5956,-7.6186,Choix direct de la catégorie
2026-04-19 08:03:20,French,Comportement indésirable,Tram36,Casa Voyageurs,33.5898,-7.5898,Choix direct de la catégorie
2026-04-19 08:23:04,Arabic,Spam,Tram14,Casa Voyageurs,33.5898,-7.5898,Choix direct de la catégorie
2026-04-19 08:37:30,Arabic,Sécurité et sûreté,Tram38,Technopark,33.535,-7.6322,Choix direct de la catégorie
2026-04-19 09:14:33,Arabic,Sécurité et sûreté,Tram17,Abdelmoumen,33.5731,-7.6184,Choix direct de la catégorie
2026-04-19 13:40:43,French,Equipements,Tram09,Casa Voyageurs,33.5898,-7.5898,Choix direct de la catégorie
2026-04-19 17:11:50,French,Sécurité et sûreté,Tram13,Nations Unies,33.5956,-7.6186,Choix direct de la catégorie
2026-04-19 17:39:40,Arabic,Spam,Tram02,Nations Unies,33.5956,-7.6186,Choix direct de la catégorie
2026-04-19 18:35:49,English,Equipements,Tram10,Technopark,33.535,-7.6322,Choix direct de la catégorie
2026-04-19 19:05:15,French,Sécurité et sûreté,Tram27,Casa Voyageurs,33.5898,-7.5898,Choix direct de la catégorie
2026-04-19 19:20:26,French,Comportement du personnel,Tram45,Casa Voyageurs,33.5898,-7.5898,Choix direct de la catégorie
2026-04-19 19:21:55,French,Ponctualité et régularité,Tram16,Casa Voyageurs,33.5898,-7.5898,Choix direct de la catégorie
2026-04-19 21:50:58,French,Informations voyageur,Tram33,Abdelmoumen,33.5731,-7.6184,Choix direct de la catégorie
2026-04-19 22:14:28,French,Equipements,Tram44,Technopark,33.535,-7.6322,Choix direct de la catégorie
2026-04-20 06:22:25,French,Informations insuffisantes,Tram21,Nations Unies,33.5956,-7.6186,Choix direct de la catégorie
2026-04-20 07:19:26,French,Informations voyageur,Tram37,Nations Unies,33.5956,-7.6186,Choix direct de la catégorie
2026-04-20 09:21:00,French,Tarification,Tram20,Technopark,33.535,-7.6322,Choix direct de la catégorie
2026-04-20 11:31:12,French,Comportement du personnel,Tram33,Casa Voyageurs,33.5898,-7.5898,Choix direct de la catégorie
2026-04-20 17:00:36,French,Ponctualité et régularité,Tram24,Casa Voyageurs,33.5898,-7.5898,Choix direct de la catégorie
2026-04-20 17:55:21,French,Informations voyageur,Tram01,Technopark,33.535,-7.6322,Choix direct de la catégorie
2026-04-20 18:43:46,French,Comportement indésirable,Tram09,Abdelmoumen,33.5731,-7.6184,Choix direct de la catégorie
2026-04-20 19:21:37,French,Ponctualité et régularité,Tram17,Gare Casa Port,33.5992,-7.6125,Choix direct de la catégorie
2026-04-21 07:06:54,Arabic,Informations insuffisantes,Tram15,Abdelmoumen,33.5731,-7.6184,Choix direct de la catégorie
2026-04-21 07:29:17,Arabic,Sécurité et sûreté,Tram38,Abdelmoumen,33.5731,-7.6184,Choix direct de la catégorie
2026-04-21 07:38:37,Arabic,Ponctualité et régularité,Tram15,Gare Casa Port,33.5992,-7.6125,Choix direct de la catégorie
2026-04-21 07:51:59,Arabic,Informations voyageur,Tram16,Casa Voyageurs,33.5898,-7.5898,Choix direct de la catégorie
2026-04-21 08:22:14,French,Informations insuffisantes,Tram12,Casa Voyageurs,33.5898,-7.5898,Choix direct de la catégorie
2026-04-21 08:33:10,French,Sécurité et sûreté,Tram44,Technopark,33.535,-7.6322,Choix direct de la catégorie
2026-04-21 08:43:03,French,Comportement du personnel,Tram07,Abdelmoumen,33.5731,-7.6184,Choix direct de la catégorie
2026-04-21 08:50:54,French,Ponctualité et régularité,Tram12,Gare Casa Port,33.5992,-7.6125,Choix direct de la catégorie
2026-04-21 09:53:00,French,Equipements,Tram42,Abdelmoumen,33.5731,-7.6184,Choix direct de la catégorie
2026-04-21 13:44:36,Arabic,Tarification,Tram20,Casa Voyageurs,33.5898,-7.5898,Choix direct de la catégorie
2026-04-21 17:19:52,French,Tarification,Tram21,Abdelmoumen,33.5731,-7.6184,Choix direct de la catégorie
2026-04-21 18:35:26,Arabic,Comportement indésirable,Tram02,Technopark,33.535,-7.6322,Choix direct de la catégorie
2026-04-21 18:38:51,French,Ponctualité et régularité,Tram34,Casa Voyageurs,33.5898,-7.5898,Choix direct de la catégorie
2026-04-21 18:40:06,Arabic,Ponctualité et régularité,Tram25,Casa Voyageurs,33.5898,-7.5898,Choix direct de la catégorie
2026-04-21 18:42:28,Arabic,Equipements,Tram10,Casa Voyageurs,33.5898,-7.5898,Choix direct de la catégorie
2026-04-21 19:05:13,French,Comportement du personnel,Tram20,Nations Unies,33.5956,-7.6186,Choix direct de la catégorie
2026-04-21 22:48:37,French,Comportement du personnel,Tram43,Gare Casa Port,33.5992,-7.6125,Choix direct de la catégorie
2026-04-22 06:29:45,Arabic,Comportement du personnel,Tram09,Abdelmoumen,33.5731,-7.6184,Choix direct de la catégorie
2026-04-22 06:45:52,French,Spam,Tram02,Casa Voyageurs,33.5898,-7.5898,Choix direct de la catégorie
2026-04-22 07:58:49,French,Ponctualité et régularité,Tram27,Casa Voyageurs,33.5898,-7.5898,Choix direct de la catégorie
2026-04-22 08:05:52,French,Sécurité et sûreté,Tram18,Nations Unies,33.5956,-7.6186,Choix direct de la catégorie
2026-04-22 08:48:47,French,Equipements,Tram32,Abdelmoumen,33.5731,-7.6184,Choix direct de la catégorie
2026-04-22 08:59:31,Arabic,Comportement du personnel,Tram30,Abdelmoumen,33.5731,-7.6184,Choix direct de la catégorie
2026-04-22 09:26:04,Arabic,Informations insuffisantes,Tram11,Abdelmoumen,33.5731,-7.6184,Choix direct de la catégorie
2026-04-22 09:29:26,French,Spam,Tram28,Abdelmoumen,33.5731,-7.6184,Choix direct de la catégorie
2026-04-22 09:39:15,French,Comportement du personnel,Tram41,Casa Voyageurs,33.5898,-7.5898,Choix direct de la catégorie
2026-04-22 10:17:15,French,Spam,Tram13,Abdelmoumen,33.5731,-7.6184,Choix direct de la catégorie
2026-04-22 16:57:17,Arabic,Spam,Tram20,Abdelmoumen,33.5731,-7.6184,Choix direct de la catégorie
2026-04-22 17:10:02,Arabic,Informations voyageur,Tram01,Nations Unies,33.5956,-7.6186,Choix direct de la catégorie
2026-04-22 18:15:29,French,Ponctualité et régularité,Tram40,Casa Voyageurs,33.5898,-7.5898,Choix direct de la catégorie
2026-04-22 18:22:18,French,Ponctualité et régularité,Tram08,Abdelmoumen,33.5731,-7.6184,Choix direct de la catégorie
2026-04-22 20:18:52,French,Informations insuffisantes,Tram43,Abdelmoumen,33.5731,-7.6184,Choix direct de la catégorie
2026-04-23 07:51:15,French,Informations insuffisantes,Tram34,Technopark,33.535,-7.6322,Choix direct de la catégorie
2026-04-23 07:55:04,Arabic,Comportement indésirable,Tram14,Gare Casa Port,33.5992,-7.6125,Choix direct de la catégorie
2026-04-23 07:58:51,French,Informations insuffisantes,Tram38,Casa Voyageurs,33.5898,-7.5898,Choix direct de la catégorie
2026-04-23 08:01:36,French,Comportement indésirable,Tram32,Casa Voyageurs,33.5898,-7.5898,Choix direct de la catégorie
2026-04-23 08:20:02,French,Equipements,Tram40,Casa Voyageurs,33.5898,-7.5898,Choix direct de la catégorie
2026-04-23 08:41:02,French,Informations voyageur,Tram09,Abdelmoumen,33.5731,-7.6184,Choix direct de la catégorie
2026-04-23 09:51:26,Arabic,Equipements,Tram06,Abdelmoumen,33.5731,-7.6184,Choix direct de la catégorie
2026-04-23 10:22:44,Arabic,Sécurité et sûreté,Tram11,Casa Voyageurs,33.5898,-7.5898,Choix direct de la catégorie
2026-04-23 16:27:41,French,Informations voyageur,Tram11,Abdelmoumen,33.5731,-7.6184,Choix direct de la catégorie
2026-04-23 18:22:04,Arabic,Informations insuffisantes,Tram35,Nations Unies,33.5956,-7.6186,Choix direct de la catégorie
2026-04-23 19:04:34,French,Tarification,Tram42,Abdelmoumen,33.5731,-7.6184,Choix direct de la catégorie
2026-04-23 19:19:11,French,Ponctualité et régularité,Tram23,Casa Voyageurs,33.5898,-7.5898,Choix direct de la catégorie
2026-04-23 23:26:19,French,Spam,Tram44,Nations Unies,33.5956,-7.6186,Choix direct de la catégorie
2026-04-24 06:16:02,Arabic,Ponctualité et régularité,Tram16,Technopark,33.535,-7.6322,Choix direct de la catégorie
2026-04-24 06:25:22,French,Comportement indésirable,Tram44,Casa Voyageurs,33.5898,-7.5898,Choix direct de la catégorie
2026-04-24 07:41:08,Arabic,Ponctualité et régularité,Tram31,Abdelmoumen,33.5731,-7.6184,Choix direct de la catégorie
2026-04-24 08:17:17,French,Spam,Tram18,Abdelmoumen,33.5731,-7.6184,Choix direct de la catégorie
2026-04-24 08:19:55,Arabic,Spam,Tram09,Abdelmoumen,33.5731,-7.6184,Choix direct de la catégorie
2026-04-24 08:42:34,Arabic,Comportement du personnel,Tram43,Casa Voyageurs,33.5898,-7.5898,Choix direct de la catégorie
2026-04-24 08:56:20,French,Informations voyageur,Tram04,Casa Voyageurs,33.5898,-7.5898,Choix direct de la catégorie
2026-04-24 12:44:31,French,Tarification,Tram17,Casa Voyageurs,33.5898,-7.5898,Choix direct de la catégorie
2026-04-24 12:52:33,French,Ponctualité et régularité,Tram30,Technopark,33.535,-7.6322,Choix direct de la catégorie
2026-04-24 17:02:34,Arabic,Tarification,Tram22,Technopark,33.535,-7.6322,Choix direct de la catégorie
2026-04-24 17:10:46,Arabic,Informations insuffisantes,Tram02,Nations Unies,33.5956,-7.6186,Choix direct de la catégorie
2026-04-24 17:25:07,French,Informations voyageur,Tram41,Gare Casa Port,33.5992,-7.6125,Choix direct de la catégorie
2026-04-24 17:45:39,Arabic,Comportement indésirable,Tram21,Casa Voyageurs,33.5898,-7.5898,Choix direct de la catégorie
2026-04-24 17:55:11,French,Spam,Tram36,Abdelmoumen,33.5731,-7.6184,Choix direct de la catégorie
2026-04-24 18:01:28,French,Equipements,Tram16,Casa Voyageurs,33.5898,-7.5898,Choix direct de la catégorie
2026-04-24 18:07:31,French,Ponctualité et régularité,Tram12,Abdelmoumen,33.5731,-7.6184,Choix direct de la catégorie
2026-04-24 18:15:22,French,Informations voyageur,Tram15,Abdelmoumen,33.5731,-7.6184,Choix direct de la catégorie
2026-04-24 18:52:53,Arabic,Equipements,Tram35,Technopark,33.535,-7.6322,Choix direct de la catégorie
2026-04-24 19:45:23,French,Spam,Tram17,Abdelmoumen,33.5731,-7.6184,Choix direct de la catégorie
2026-04-24 22:55:02,French,Sécurité et sûreté,Tram41,Technopark,33.535,-7.6322,Choix direct de la catégorie
2026-04-25 06:22:33,French,Informations voyageur,Tram43,Casa Voyageurs,33.5898,-7.5898,Choix direct de la catégorie
2026-04-25 06:44:26,Arabic,Informations voyageur,Tram32,Abdelmoumen,33.5731,-7.6184,Choix direct de la catégorie
2026-04-25 08:20:15,French,Comportement indésirable,Tram29,Casa Voyageurs,33.5898,-7.5898,Choix direct de la catégorie
2026-04-25 08:34:20,Arabic,Comportement indésirable,Tram28,Abdelmoumen,33.5731,-7.6184,Choix direct de la catégorie
2026-04-25 09:16:25,French,Comportement du personnel,Tram30,Abdelmoumen,33.5731,-7.6184,Choix direct de la catégorie
2026-04-25 09:23:00,French,Comportement indésirable,Tram01,Abdelmoumen,33.5731,-7.6184,Choix direct de la catégorie
2026-04-25 11:05:29,French,Spam,Tram39,Abdelmoumen,33.5731,-7.6184,Choix direct de la catégorie
2026-04-25 13:28:35,French,Comportement du personnel,Tram23,Technopark,33.535,-7.6322,Choix direct de la catégorie
2026-04-25 17:11:02,Arabic,Informations voyageur,Tram05,Abdelmoumen,33.5731,-7.6184,Choix direct de la catégorie
2026-04-25 17:32:08,French,Tarification,Tram04,Abdelmoumen,33.5731,-7.6184,Choix direct de la catégorie
2026-04-25 17:36:05,French,Sécurité et sûreté,Tram21,Gare Casa Port,33.5992,-7.6125,Choix direct de la catégorie
2026-04-25 17:45:03,French,Comportement indésirable,Tram23,Casa Voyageurs,33.5898,-7.5898,Choix direct de la catégorie
2026-04-25 18:32:22,French,Tarification,Tram13,Abdelmoumen,33.5731,-7.6184,Choix direct de la catégorie
2026-04-25 18:41:07,French,Comportement indésirable,Tram43,Gare Casa Port,33.5992,-7.6125,Choix direct de la catégorie
2026-04-25 18:53:09,Arabic,Equipements,Tram41,Gare Casa Port,33.5992,-7.6125,Choix direct de la catégorie
2026-04-25 18:55:26,French,Sécurité et sûreté,Tram12,Abdelmoumen,33.5731,-7.6184,Choix direct de la catégorie
2026-04-25 19:03:20,Arabic,Comportement du personnel,Tram23,Casa Voyageurs,33.5898,-7.5898,Choix direct de la catégorie
2026-04-25 23:02:38,Arabic,Informations insuffisantes,Tram30,Abdelmoumen,33.5731,-7.6184,Choix direct de la catégorie
2026-04-26 06:09:01,French,Tarification,Tram02,Nations Unies,33.5956,-7.6186,Choix direct de la catégorie
2026-04-26 07:17:12,French,Informations voyageur,Tram04,Abdelmoumen,33.5731,-7.6184,Choix direct de la catégorie
2026-04-26 07:30:53,French,Ponctualité et régularité,Tram41,Casa Voyageurs,33.5898,-7.5898,Choix direct de la catégorie
2026-04-26 08:03:56,Arabic,Informations voyageur,Tram06,Abdelmoumen,33.5731,-7.6184,Choix direct de la catégorie
2026-04-26 08:04:47,Arabic,Sécurité et sûreté,Tram05,Abdelmoumen,33.5731,-7.6184,Choix direct de la catégorie
2026-04-26 08:30:38,Arabic,Informations voyageur,Tram26,Abdelmoumen,33.5731,-7.6184,Choix direct de la catégorie
2026-04-26 08:52:28,French,Informations insuffisantes,Tram38,Casa Voyageurs,33.5898,-7.5898,Choix direct de la catégorie
2026-04-26 09:05:45,Arabic,Spam,Tram44,Casa Voyageurs,33.5898,-7.5898,Choix direct de la catégorie
2026-04-26 09:10:50,French,Comportement du personnel,Tram03,Casa Voyageurs,33.5898,-7.5898,Choix direct de la catégorie
2026-04-26 09:18:06,Arabic,Comportement du personnel,Tram06,Casa Voyageurs,33.5898,-7.5898,Choix direct de la catégorie
2026-04-26 10:13:32,French,Comportement indésirable,Tram39,Technopark,33.535,-7.6322,Choix direct de la catégorie
2026-04-26 11:22:14,French,Sécurité et sûreté,Tram32,Abdelmoumen,33.5731,-7.6184,Choix direct de la catégorie
2026-04-26 17:09:07,French,Equipements,Tram24,Abdelmoumen,33.5731,-7.6184,Choix direct de la catégorie
2026-04-26 17:23:34,Arabic,Comportement indésirable,Tram15,Casa Voyageurs,33.5898,-7.5898,Choix direct de la catégorie
2026-04-26 18:37:12,Arabic,Informations insuffisantes,Tram45,Gare Casa Port,33.5992,-7.6125,Choix direct de la catégorie
2026-04-26 18:48:22,French,Informations voyageur,Tram37,Nations Unies,33.5956,-7.6186,Choix direct de la catégorie
2026-04-26 19:01:54,French,Spam,Tram29,Casa Voyageurs,33.5898,-7.5898,Choix direct de la catégorie
2026-04-26 19:11:07,French,Equipements,Tram28,Abdelmoumen,33.5731,-7.6184,Choix direct de la catégorie
2026-04-26 19:13:23,Arabic,Comportement du personnel,Tram14,Casa Voyageurs,33.5898,-7.5898,Choix direct de la catégorie
2026-04-26 19:40:18,French,Informations insuffisantes,Tram11,Abdelmoumen,33.5731,-7.6184,Choix direct de la catégorie
2026-04-26 19:41:12,Arabic,Tarification,Tram06,Technopark,33.535,-7.6322,Choix direct de la catégorie
2026-04-26 21:14:38,French,Sécurité et sûreté,Tram27,Technopark,33.535,-7.6322,Choix direct de la catégorie
2026-04-26 21:15:15,French,Sécurité et sûreté,Tram27,Abdelmoumen,33.5731,-7.6184,Choix direct de la catégorie
2026-04-27 06:13:03,Arabic,Informations insuffisantes,Tram28,Casa Voyageurs,33.5898,-7.5898,Choix direct de la catégorie
2026-04-27 06:35:57,English,Informations insuffisantes,Tram20,Casa Voyageurs,33.5898,-7.5898,Choix direct de la catégorie
2026-04-27 07:02:06,Arabic,Informations insuffisantes,Tram26,Technopark,33.535,-7.6322,Choix direct de la catégorie
2026-04-27 07:12:53,Arabic,Informations insuffisantes,Tram19,Abdelmoumen,33.5731,-7.6184,Choix direct de la catégorie
2026-04-27 07:14:18,Arabic,Equipements,Tram45,Casa Voyageurs,33.5898,-7.5898,Choix direct de la catégorie
2026-04-27 07:45:53,French,Informations insuffisantes,Tram09,Casa Voyageurs,33.5898,-7.5898,Choix direct de la catégorie
2026-04-27 07:53:32,French,Tarification,Tram33,Abdelmoumen,33.5731,-7.6184,Choix direct de la catégorie
2026-04-27 08:46:06,French,Equipements,Tram39,Technopark,33.535,-7.6322,Choix direct de la catégorie
2026-04-27 13:14:19,French,Comportement du personnel,Tram35,Technopark,33.535,-7.6322,Choix direct de la catégorie
2026-04-27 13:59:31,English,Tarification,Tram27,Gare Casa Port,33.5992,-7.6125,Choix direct de la catégorie
2026-04-27 16:22:03,French,Equipements,Tram06,Technopark,33.535,-7.6322,Choix direct de la catégorie
2026-04-27 17:02:43,French,Spam,Tram38,Abdelmoumen,33.5731,-7.6184,Choix direct de la catégorie
2026-04-27 18:56:17,Arabic,Sécurité et sûreté,Tram23,Casa Voyageurs,33.5898,-7.5898,Choix direct de la catégorie
2026-04-27 20:03:38,French,Ponctualité et régularité,Tram26,Casa Voyageurs,33.5898,-7.5898,Choix direct de la catégorie
2026-04-27 22:10:45,Arabic,Tarification,Tram45,Abdelmoumen,33.5731,-7.6184,Choix direct de la catégorie
2026-04-28 06:12:12,French,Ponctualité et régularité,Tram41,Technopark,33.535,-7.6322,Choix direct de la catégorie
2026-04-28 06:13:19,Arabic,Informations voyageur,Tram42,Abdelmoumen,33.5731,-7.6184,Choix direct de la catégorie
2026-04-28 06:30:57,Arabic,Informations insuffisantes,Tram04,Abdelmoumen,33.5731,-7.6184,Choix direct de la catégorie
2026-04-28 07:05:10,Arabic,Comportement du personnel,Tram37,Technopark,33.535,-7.6322,Choix direct de la catégorie
2026-04-28 07:17:19,Arabic,Comportement du personnel,Tram30,Technopark,33.535,-7.6322,Choix direct de la catégorie
2026-04-28 07:27:42,French,Comportement du personnel,Tram07,Casa Voyageurs,33.5898,-7.5898,Choix direct de la catégorie
2026-04-28 07:33:13,Arabic,Ponctualité et régularité,Tram10,Technopark,33.535,-7.6322,Choix direct de la catégorie
2026-04-28 07:42:07,French,Comportement indésirable,Tram08,Casa Voyageurs,33.5898,-7.5898,Choix direct de la catégorie
2026-04-28 08:17:28,French,Sécurité et sûreté,Tram35,Casa Voyageurs,33.5898,-7.5898,Choix direct de la catégorie
2026-04-28 08:25:50,French,Equipements,Tram41,Technopark,33.535,-7.6322,Choix direct de la catégorie
2026-04-28 09:13:50,French,Informations insuffisantes,Tram09,Abdelmoumen,33.5731,-7.6184,Choix direct de la catégorie
2026-04-28 17:28:35,French,Equipements,Tram12,Abdelmoumen,33.5731,-7.6184,Choix direct de la catégorie
2026-04-28 17:45:48,French,Comportement indésirable,Tram29,Abdelmoumen,33.5731,-7.6184,Choix direct de la catégorie
2026-04-28 18:31:23,French,Ponctualité et régularité,Tram18,Abdelmoumen,33.5731,-7.6184,Choix direct de la catégorie
2026-04-28 18:40:24,English,Comportement indésirable,Tram09,Nations Unies,33.5956,-7.6186,Choix direct de la catégorie
2026-04-28 20:34:06,French,Ponctualité et régularité,Tram04,Casa Voyageurs,33.5898,-7.5898,Choix direct de la catégorie
2026-04-28 21:43:29,French,Equipements,Tram05,Casa Voyageurs,33.5898,-7.5898,Choix direct de la catégorie
2026-04-28 21:57:38,Arabic,Equipements,Tram05,Casa Voyageurs,33.5898,-7.5898,Choix direct de la catégorie
2026-04-29 07:17:32,Arabic,Sécurité et sûreté,Tram18,Casa Voyageurs,33.5898,-7.5898,Choix direct de la catégorie
2026-04-29 08:10:39,Arabic,Spam,Tram07,Abdelmoumen,33.5731,-7.6184,Choix direct de la catégorie
2026-04-29 08:14:55,French,Informations insuffisantes,Tram42,Casa Voyageurs,33.5898,-7.5898,Choix direct de la catégorie
2026-04-29 08:43:02,French,Spam,Tram33,Nations Unies,33.5956,-7.6186,Choix direct de la catégorie
2026-04-29 15:01:08,French,Informations insuffisantes,Tram37,Abdelmoumen,33.5731,-7.6184,Choix direct de la catégorie
2026-04-29 17:18:06,French,Informations insuffisantes,Tram08,Gare Casa Port,33.5992,-7.6125,Choix direct de la catégorie
2026-04-29 17:22:43,Arabic,Comportement indésirable,Tram09,Abdelmoumen,33.5731,-7.6184,Choix direct de la catégorie
2026-04-29 17:57:48,French,Tarification,Tram22,Casa Voyageurs,33.5898,-7.5898,Choix direct de la catégorie
2026-04-29 18:40:04,French,Informations voyageur,Tram21,Abdelmoumen,33.5731,-7.6184,Choix direct de la catégorie
2026-04-29 19:01:13,French,Spam,Tram03,Abdelmoumen,33.5731,-7.6184,Choix direct de la catégorie
2026-04-29 20:29:50,French,Comportement du personnel,Tram41,Casa Voyageurs,33.5898,-7.5898,Choix direct de la catégorie
2026-04-30 06:12:07,Arabic,Equipements,Tram25,Gare Casa Port,33.5992,-7.6125,Choix direct de la catégorie
2026-04-30 06:12:09,Arabic,Equipements,Tram15,Nations Unies,33.5956,-7.6186,Choix direct de la catégorie
2026-04-30 06:14:14,Arabic,Tarification,Tram24,Casa Voyageurs,33.5898,-7.5898,Choix direct de la catégorie
2026-04-30 07:02:07,Arabic,Equipements,Tram42,Abdelmoumen,33.5731,-7.6184,Choix direct de la catégorie
2026-04-30 07:39:27,French,Comportement indésirable,Tram29,Abdelmoumen,33.5731,-7.6184,Choix direct de la catégorie
2026-04-30 07:41:40,French,Ponctualité et régularité,Tram08,Abdelmoumen,33.5731,-7.6184,Choix direct de la catégorie
2026-04-30 07:42:03,French,Informations insuffisantes,Tram28,Casa Voyageurs,33.5898,-7.5898,Choix direct de la catégorie
2026-04-30 08:38:46,French,Spam,Tram44,Abdelmoumen,33.5731,-7.6184,Choix direct de la catégorie
2026-04-30 09:07:08,French,Spam,Tram29,Nations Unies,33.5956,-7.6186,Choix direct de la catégorie
2026-04-30 13:51:14,Arabic,Spam,Tram38,Abdelmoumen,33.5731,-7.6184,Choix direct de la catégorie
2026-04-30 17:16:02,Arabic,Informations insuffisantes,Tram28,Abdelmoumen,33.5731,-7.6184,Choix direct de la catégorie
2026-04-30 17:26:53,Arabic,Informations voyageur,Tram10,Casa Voyageurs,33.5898,-7.5898,Choix direct de la catégorie
2026-04-30 18:24:00,French,Ponctualité et régularité,Tram38,Technopark,33.535,-7.6322,Choix direct de la catégorie
2026-04-30 19:02:12,Arabic,Informations insuffisantes,Tram29,Casa Voyageurs,33.5898,-7.5898,Choix direct de la catégorie
2026-05-01 07:45:21,Arabic,Comportement du personnel,Tram45,Nations Unies,33.5956,-7.6186,Choix direct de la catégorie
2026-05-01 08:02:35,Arabic,Informations insuffisantes,Tram37,Technopark,33.535,-7.6322,Choix direct de la catégorie
2026-05-01 08:07:31,French,Tarification,Tram05,Casa Voyageurs,33.5898,-7.5898,Choix direct de la catégorie
2026-05-01 08:26:44,French,Comportement indésirable,Tram08,Technopark,33.535,-7.6322,Choix direct de la catégorie
2026-05-01 08:43:02,English,Tarification,Tram18,Technopark,33.535,-7.6322,Choix direct de la catégorie
2026-05-01 08:49:44,French,Comportement indésirable,Tram02,Abdelmoumen,33.5731,-7.6184,Choix direct de la catégorie
2026-05-01 09:26:59,French,Tarification,Tram09,Abdelmoumen,33.5731,-7.6184,Choix direct de la catégorie
2026-05-01 12:11:05,French,Informations voyageur,Tram18,Gare Casa Port,33.5992,-7.6125,Choix direct de la catégorie
2026-05-01 14:08:55,English,Sécurité et sûreté,Tram01,Technopark,33.535,-7.6322,Choix direct de la catégorie
2026-05-01 17:16:16,French,Comportement indésirable,Tram16,Abdelmoumen,33.5731,-7.6184,Choix direct de la catégorie
2026-05-01 17:55:17,Arabic,Spam,Tram21,Gare Casa Port,33.5992,-7.6125,Choix direct de la catégorie
2026-05-01 18:22:37,Arabic,Tarification,Tram07,Gare Casa Port,33.5992,-7.6125,Choix direct de la catégorie
2026-05-01 18:31:10,Arabic,Comportement indésirable,Tram45,Casa Voyageurs,33.5898,-7.5898,Choix direct de la catégorie
2026-05-01 18:37:36,French,Spam,Tram01,Technopark,33.535,-7.6322,Choix direct de la catégorie
2026-05-01 18:48:33,French,Informations insuffisantes,Tram21,Technopark,33.535,-7.6322,Choix direct de la catégorie
2026-05-01 23:03:58,French,Comportement du personnel,Tram39,Technopark,33.535,-7.6322,Choix direct de la catégorie
